-- phpMyAdmin SQL Dump
-- version 3.5.1
-- http://www.phpmyadmin.net
--
-- Värd: localhost
-- Skapad: 26 nov 2012 kl 05:08
-- Serverversion: 5.5.24-log
-- PHP-version: 5.3.13

SET SQL_MODE="NO_AUTO_VALUE_ON_ZERO";
SET time_zone = "+00:00";


/*!40101 SET @OLD_CHARACTER_SET_CLIENT=@@CHARACTER_SET_CLIENT */;
/*!40101 SET @OLD_CHARACTER_SET_RESULTS=@@CHARACTER_SET_RESULTS */;
/*!40101 SET @OLD_COLLATION_CONNECTION=@@COLLATION_CONNECTION */;
/*!40101 SET NAMES utf8 */;

--
-- Databas: `meachrist-fr`
--

-- --------------------------------------------------------

--
-- Tabellstruktur `l3kop_assets`
--

CREATE TABLE IF NOT EXISTS `l3kop_assets` (
  `id` int(10) unsigned NOT NULL AUTO_INCREMENT COMMENT 'Primary Key',
  `parent_id` int(11) NOT NULL DEFAULT '0' COMMENT 'Nested set parent.',
  `lft` int(11) NOT NULL DEFAULT '0' COMMENT 'Nested set lft.',
  `rgt` int(11) NOT NULL DEFAULT '0' COMMENT 'Nested set rgt.',
  `level` int(10) unsigned NOT NULL COMMENT 'The cached level in the nested tree.',
  `name` varchar(50) NOT NULL COMMENT 'The unique name for the asset.\n',
  `title` varchar(100) NOT NULL COMMENT 'The descriptive title for the asset.',
  `rules` varchar(5120) NOT NULL COMMENT 'JSON encoded access control.',
  PRIMARY KEY (`id`),
  UNIQUE KEY `idx_asset_name` (`name`),
  KEY `idx_lft_rgt` (`lft`,`rgt`),
  KEY `idx_parent_id` (`parent_id`)
) ENGINE=InnoDB  DEFAULT CHARSET=utf8 AUTO_INCREMENT=66 ;

--
-- Dumpning av Data i tabell `l3kop_assets`
--

INSERT INTO `l3kop_assets` (`id`, `parent_id`, `lft`, `rgt`, `level`, `name`, `title`, `rules`) VALUES
(1, 0, 1, 129, 0, 'root.1', 'Root Asset', '{"core.login.site":{"6":1,"2":1},"core.login.admin":{"6":1},"core.login.offline":{"6":1},"core.admin":{"8":1},"core.manage":{"7":1},"core.create":{"6":1,"3":1},"core.delete":{"6":1},"core.edit":{"6":1,"4":1},"core.edit.state":{"6":1,"5":1},"core.edit.own":{"6":1,"3":1}}'),
(2, 1, 1, 2, 1, 'com_admin', 'com_admin', '{}'),
(3, 1, 3, 6, 1, 'com_banners', 'com_banners', '{"core.admin":{"7":1},"core.manage":{"6":1},"core.create":[],"core.delete":[],"core.edit":[],"core.edit.state":[]}'),
(4, 1, 7, 8, 1, 'com_cache', 'com_cache', '{"core.admin":{"7":1},"core.manage":{"7":1}}'),
(5, 1, 9, 10, 1, 'com_checkin', 'com_checkin', '{"core.admin":{"7":1},"core.manage":{"7":1}}'),
(6, 1, 11, 12, 1, 'com_config', 'com_config', '{}'),
(7, 1, 13, 16, 1, 'com_contact', 'com_contact', '{"core.admin":{"7":1},"core.manage":{"6":1},"core.create":[],"core.delete":[],"core.edit":[],"core.edit.state":[],"core.edit.own":[]}'),
(8, 1, 17, 74, 1, 'com_content', 'com_content', '{"core.admin":{"7":1},"core.manage":{"6":1},"core.create":{"3":1},"core.delete":[],"core.edit":{"4":1},"core.edit.state":{"5":1},"core.edit.own":[]}'),
(9, 1, 75, 76, 1, 'com_cpanel', 'com_cpanel', '{}'),
(10, 1, 77, 78, 1, 'com_installer', 'com_installer', '{"core.admin":[],"core.manage":{"7":0},"core.delete":{"7":0},"core.edit.state":{"7":0}}'),
(11, 1, 79, 80, 1, 'com_languages', 'com_languages', '{"core.admin":{"7":1},"core.manage":[],"core.create":[],"core.delete":[],"core.edit":[],"core.edit.state":[]}'),
(12, 1, 81, 82, 1, 'com_login', 'com_login', '{}'),
(13, 1, 83, 84, 1, 'com_mailto', 'com_mailto', '{}'),
(14, 1, 85, 86, 1, 'com_massmail', 'com_massmail', '{}'),
(15, 1, 87, 88, 1, 'com_media', 'com_media', '{"core.admin":{"7":1},"core.manage":{"6":1},"core.create":{"3":1},"core.delete":{"5":1}}'),
(16, 1, 89, 90, 1, 'com_menus', 'com_menus', '{"core.admin":{"7":1},"core.manage":[],"core.create":[],"core.delete":[],"core.edit":[],"core.edit.state":[]}'),
(17, 1, 91, 92, 1, 'com_messages', 'com_messages', '{"core.admin":{"7":1},"core.manage":{"7":1}}'),
(18, 1, 93, 94, 1, 'com_modules', 'com_modules', '{"core.admin":{"7":1},"core.manage":[],"core.create":[],"core.delete":[],"core.edit":[],"core.edit.state":[]}'),
(19, 1, 95, 98, 1, 'com_newsfeeds', 'com_newsfeeds', '{"core.admin":{"7":1},"core.manage":{"6":1},"core.create":[],"core.delete":[],"core.edit":[],"core.edit.state":[],"core.edit.own":[]}'),
(20, 1, 99, 100, 1, 'com_plugins', 'com_plugins', '{"core.admin":{"7":1},"core.manage":[],"core.edit":[],"core.edit.state":[]}'),
(21, 1, 101, 102, 1, 'com_redirect', 'com_redirect', '{"core.admin":{"7":1},"core.manage":[]}'),
(22, 1, 103, 104, 1, 'com_search', 'com_search', '{"core.admin":{"7":1},"core.manage":{"6":1}}'),
(23, 1, 105, 106, 1, 'com_templates', 'com_templates', '{"core.admin":{"7":1},"core.manage":[],"core.create":[],"core.delete":[],"core.edit":[],"core.edit.state":[]}'),
(24, 1, 107, 110, 1, 'com_users', 'com_users', '{"core.admin":{"7":1},"core.manage":[],"core.create":[],"core.delete":[],"core.edit":[],"core.edit.state":[]}'),
(25, 1, 111, 114, 1, 'com_weblinks', 'com_weblinks', '{"core.admin":{"7":1},"core.manage":{"6":1},"core.create":{"3":1},"core.delete":[],"core.edit":{"4":1},"core.edit.state":{"5":1},"core.edit.own":[]}'),
(26, 1, 115, 116, 1, 'com_wrapper', 'com_wrapper', '{}'),
(27, 8, 18, 19, 2, 'com_content.category.2', 'Uncategorised', '{"core.create":[],"core.delete":[],"core.edit":[],"core.edit.state":[],"core.edit.own":[]}'),
(28, 3, 4, 5, 2, 'com_banners.category.3', 'Uncategorised', '{"core.create":[],"core.delete":[],"core.edit":[],"core.edit.state":[]}'),
(29, 7, 14, 15, 2, 'com_contact.category.4', 'Uncategorised', '{"core.create":[],"core.delete":[],"core.edit":[],"core.edit.state":[],"core.edit.own":[]}'),
(30, 19, 96, 97, 2, 'com_newsfeeds.category.5', 'Uncategorised', '{"core.create":[],"core.delete":[],"core.edit":[],"core.edit.state":[],"core.edit.own":[]}'),
(31, 25, 112, 113, 2, 'com_weblinks.category.6', 'Uncategorised', '{"core.create":[],"core.delete":[],"core.edit":[],"core.edit.state":[],"core.edit.own":[]}'),
(32, 24, 108, 109, 1, 'com_users.notes.category.7', 'Uncategorised', '{"core.create":[],"core.delete":[],"core.edit":[],"core.edit.state":[]}'),
(33, 1, 117, 118, 1, 'com_finder', 'com_finder', '{"core.admin":{"7":1},"core.manage":{"6":1}}'),
(34, 1, 119, 120, 1, 'com_joomlaupdate', 'com_joomlaupdate', '{"core.admin":[],"core.manage":[],"core.delete":[],"core.edit.state":[]}'),
(35, 8, 20, 57, 2, 'com_content.category.8', 'article principale', '{"core.create":[],"core.delete":[],"core.edit":[],"core.edit.state":[],"core.edit.own":[]}'),
(36, 8, 58, 63, 2, 'com_content.category.9', 'Article ', '{"core.create":[],"core.delete":[],"core.edit":[],"core.edit.state":[],"core.edit.own":[]}'),
(37, 8, 64, 65, 2, 'com_content.category.10', 'Article  (2)', '{"core.create":[],"core.delete":[],"core.edit":[],"core.edit.state":[],"core.edit.own":[]}'),
(38, 52, 69, 70, 3, 'com_content.article.1', 'Nos programmes', '{"core.delete":[],"core.edit":[],"core.edit.state":[]}'),
(39, 35, 21, 22, 3, 'com_content.article.2', 'Qui sommes-nous?', '{"core.delete":[],"core.edit":[],"core.edit.state":[]}'),
(40, 35, 23, 24, 3, 'com_content.article.3', 'Evénement', '{"core.delete":[],"core.edit":[],"core.edit.state":[]}'),
(41, 35, 25, 26, 3, 'com_content.article.4', 'Allo Pasteur', '{"core.delete":[],"core.edit":[],"core.edit.state":[]}'),
(42, 35, 27, 28, 3, 'com_content.article.5', 'Boutique', '{"core.delete":[],"core.edit":[],"core.edit.state":[]}'),
(43, 35, 29, 30, 3, 'com_content.article.6', 'Archives', '{"core.delete":[],"core.edit":[],"core.edit.state":[]}'),
(44, 35, 31, 32, 3, 'com_content.article.7', 'Contact', '{"core.delete":[],"core.edit":[],"core.edit.state":[]}'),
(45, 36, 59, 60, 3, 'com_content.article.8', 'La biographie du pasteur', '{"core.delete":[],"core.edit":[],"core.edit.state":[]}'),
(46, 36, 61, 62, 3, 'com_content.article.9', 'Progammes', '{"core.delete":[],"core.edit":[],"core.edit.state":[]}'),
(47, 1, 121, 126, 1, 'com_djimageslider', 'com_djimageslider', '{}'),
(48, 47, 122, 123, 2, 'com_djimageslider.category.11', 'meachrist', '{"core.create":[],"core.delete":[],"core.edit":[],"core.edit.state":[]}'),
(49, 8, 66, 67, 2, 'com_content.category.12', 'Image-sliders', '{"core.create":[],"core.delete":[],"core.edit":[],"core.edit.state":[],"core.edit.own":[]}'),
(50, 35, 33, 34, 3, 'com_content.article.10', 'image1', '{"core.delete":[],"core.edit":[],"core.edit.state":[]}'),
(51, 1, 127, 128, 1, 'com_jce', 'jce', '{}'),
(52, 8, 68, 73, 2, 'com_content.category.13', 'Page d´accueil', '{"core.create":[],"core.delete":[],"core.edit":[],"core.edit.state":[],"core.edit.own":[]}'),
(53, 52, 71, 72, 3, 'com_content.article.11', 'Bienvenue sur Meachrist.com', '{"core.delete":[],"core.edit":[],"core.edit.state":[]}'),
(54, 47, 124, 125, 2, 'com_djimageslider.category.14', 'Predicateurs', '{"core.create":[],"core.delete":[],"core.edit":[],"core.edit.state":[]}'),
(55, 35, 35, 36, 3, 'com_content.article.12', 'La vision', '{"core.delete":[],"core.edit":[],"core.edit.state":[]}'),
(56, 35, 37, 38, 3, 'com_content.article.13', 'Doctine', '{"core.delete":[],"core.edit":[],"core.edit.state":[]}'),
(57, 35, 39, 40, 3, 'com_content.article.14', 'L´organisation', '{"core.delete":[],"core.edit":[],"core.edit.state":[]}'),
(58, 35, 41, 42, 3, 'com_content.article.15', 'Vidéos', '{"core.delete":[],"core.edit":[],"core.edit.state":[]}'),
(59, 35, 43, 44, 3, 'com_content.article.16', 'Formation biblique', '{"core.delete":[],"core.edit":[],"core.edit.state":[]}'),
(60, 35, 45, 46, 3, 'com_content.article.17', 'Enseignements Textes', '{"core.delete":[],"core.edit":[],"core.edit.state":[]}'),
(61, 35, 47, 48, 3, 'com_content.article.18', 'Emissions', '{"core.delete":[],"core.edit":[],"core.edit.state":[]}'),
(62, 35, 49, 50, 3, 'com_content.article.19', 'Contactez le Pasteur', '{"core.delete":[],"core.edit":[],"core.edit.state":[]}'),
(63, 35, 51, 52, 3, 'com_content.article.20', 'Membre', '{"core.delete":[],"core.edit":[],"core.edit.state":[]}'),
(64, 35, 53, 54, 3, 'com_content.article.21', 'Faire un don', '{"core.delete":[],"core.edit":[],"core.edit.state":[]}'),
(65, 35, 55, 56, 3, 'com_content.article.22', 'Edification', '{"core.delete":[],"core.edit":[],"core.edit.state":[]}');

-- --------------------------------------------------------

--
-- Tabellstruktur `l3kop_associations`
--

CREATE TABLE IF NOT EXISTS `l3kop_associations` (
  `id` varchar(50) NOT NULL COMMENT 'A reference to the associated item.',
  `context` varchar(50) NOT NULL COMMENT 'The context of the associated item.',
  `key` char(32) NOT NULL COMMENT 'The key for the association computed from an md5 on associated ids.',
  PRIMARY KEY (`context`,`id`),
  KEY `idx_key` (`key`)
) ENGINE=InnoDB DEFAULT CHARSET=utf8;

-- --------------------------------------------------------

--
-- Tabellstruktur `l3kop_banners`
--

CREATE TABLE IF NOT EXISTS `l3kop_banners` (
  `id` int(11) NOT NULL AUTO_INCREMENT,
  `cid` int(11) NOT NULL DEFAULT '0',
  `type` int(11) NOT NULL DEFAULT '0',
  `name` varchar(255) NOT NULL DEFAULT '',
  `alias` varchar(255) CHARACTER SET utf8 COLLATE utf8_bin NOT NULL DEFAULT '',
  `imptotal` int(11) NOT NULL DEFAULT '0',
  `impmade` int(11) NOT NULL DEFAULT '0',
  `clicks` int(11) NOT NULL DEFAULT '0',
  `clickurl` varchar(200) NOT NULL DEFAULT '',
  `state` tinyint(3) NOT NULL DEFAULT '0',
  `catid` int(10) unsigned NOT NULL DEFAULT '0',
  `description` text NOT NULL,
  `custombannercode` varchar(2048) NOT NULL,
  `sticky` tinyint(1) unsigned NOT NULL DEFAULT '0',
  `ordering` int(11) NOT NULL DEFAULT '0',
  `metakey` text NOT NULL,
  `params` text NOT NULL,
  `own_prefix` tinyint(1) NOT NULL DEFAULT '0',
  `metakey_prefix` varchar(255) NOT NULL DEFAULT '',
  `purchase_type` tinyint(4) NOT NULL DEFAULT '-1',
  `track_clicks` tinyint(4) NOT NULL DEFAULT '-1',
  `track_impressions` tinyint(4) NOT NULL DEFAULT '-1',
  `checked_out` int(10) unsigned NOT NULL DEFAULT '0',
  `checked_out_time` datetime NOT NULL DEFAULT '0000-00-00 00:00:00',
  `publish_up` datetime NOT NULL DEFAULT '0000-00-00 00:00:00',
  `publish_down` datetime NOT NULL DEFAULT '0000-00-00 00:00:00',
  `reset` datetime NOT NULL DEFAULT '0000-00-00 00:00:00',
  `created` datetime NOT NULL DEFAULT '0000-00-00 00:00:00',
  `language` char(7) NOT NULL DEFAULT '',
  PRIMARY KEY (`id`),
  KEY `idx_state` (`state`),
  KEY `idx_own_prefix` (`own_prefix`),
  KEY `idx_metakey_prefix` (`metakey_prefix`),
  KEY `idx_banner_catid` (`catid`),
  KEY `idx_language` (`language`)
) ENGINE=InnoDB DEFAULT CHARSET=utf8 AUTO_INCREMENT=1 ;

-- --------------------------------------------------------

--
-- Tabellstruktur `l3kop_banner_clients`
--

CREATE TABLE IF NOT EXISTS `l3kop_banner_clients` (
  `id` int(11) NOT NULL AUTO_INCREMENT,
  `name` varchar(255) NOT NULL DEFAULT '',
  `contact` varchar(255) NOT NULL DEFAULT '',
  `email` varchar(255) NOT NULL DEFAULT '',
  `extrainfo` text NOT NULL,
  `state` tinyint(3) NOT NULL DEFAULT '0',
  `checked_out` int(10) unsigned NOT NULL DEFAULT '0',
  `checked_out_time` datetime NOT NULL DEFAULT '0000-00-00 00:00:00',
  `metakey` text NOT NULL,
  `own_prefix` tinyint(4) NOT NULL DEFAULT '0',
  `metakey_prefix` varchar(255) NOT NULL DEFAULT '',
  `purchase_type` tinyint(4) NOT NULL DEFAULT '-1',
  `track_clicks` tinyint(4) NOT NULL DEFAULT '-1',
  `track_impressions` tinyint(4) NOT NULL DEFAULT '-1',
  PRIMARY KEY (`id`),
  KEY `idx_own_prefix` (`own_prefix`),
  KEY `idx_metakey_prefix` (`metakey_prefix`)
) ENGINE=InnoDB DEFAULT CHARSET=utf8 AUTO_INCREMENT=1 ;

-- --------------------------------------------------------

--
-- Tabellstruktur `l3kop_banner_tracks`
--

CREATE TABLE IF NOT EXISTS `l3kop_banner_tracks` (
  `track_date` datetime NOT NULL,
  `track_type` int(10) unsigned NOT NULL,
  `banner_id` int(10) unsigned NOT NULL,
  `count` int(10) unsigned NOT NULL DEFAULT '0',
  PRIMARY KEY (`track_date`,`track_type`,`banner_id`),
  KEY `idx_track_date` (`track_date`),
  KEY `idx_track_type` (`track_type`),
  KEY `idx_banner_id` (`banner_id`)
) ENGINE=InnoDB DEFAULT CHARSET=utf8;

-- --------------------------------------------------------

--
-- Tabellstruktur `l3kop_categories`
--

CREATE TABLE IF NOT EXISTS `l3kop_categories` (
  `id` int(11) NOT NULL AUTO_INCREMENT,
  `asset_id` int(10) unsigned NOT NULL DEFAULT '0' COMMENT 'FK to the #__assets table.',
  `parent_id` int(10) unsigned NOT NULL DEFAULT '0',
  `lft` int(11) NOT NULL DEFAULT '0',
  `rgt` int(11) NOT NULL DEFAULT '0',
  `level` int(10) unsigned NOT NULL DEFAULT '0',
  `path` varchar(255) NOT NULL DEFAULT '',
  `extension` varchar(50) NOT NULL DEFAULT '',
  `title` varchar(255) NOT NULL,
  `alias` varchar(255) CHARACTER SET utf8 COLLATE utf8_bin NOT NULL DEFAULT '',
  `note` varchar(255) NOT NULL DEFAULT '',
  `description` mediumtext NOT NULL,
  `published` tinyint(1) NOT NULL DEFAULT '0',
  `checked_out` int(11) unsigned NOT NULL DEFAULT '0',
  `checked_out_time` datetime NOT NULL DEFAULT '0000-00-00 00:00:00',
  `access` int(10) unsigned NOT NULL DEFAULT '0',
  `params` text NOT NULL,
  `metadesc` varchar(1024) NOT NULL COMMENT 'The meta description for the page.',
  `metakey` varchar(1024) NOT NULL COMMENT 'The meta keywords for the page.',
  `metadata` varchar(2048) NOT NULL COMMENT 'JSON encoded metadata properties.',
  `created_user_id` int(10) unsigned NOT NULL DEFAULT '0',
  `created_time` datetime NOT NULL DEFAULT '0000-00-00 00:00:00',
  `modified_user_id` int(10) unsigned NOT NULL DEFAULT '0',
  `modified_time` datetime NOT NULL DEFAULT '0000-00-00 00:00:00',
  `hits` int(10) unsigned NOT NULL DEFAULT '0',
  `language` char(7) NOT NULL,
  PRIMARY KEY (`id`),
  KEY `cat_idx` (`extension`,`published`,`access`),
  KEY `idx_access` (`access`),
  KEY `idx_checkout` (`checked_out`),
  KEY `idx_path` (`path`),
  KEY `idx_left_right` (`lft`,`rgt`),
  KEY `idx_alias` (`alias`),
  KEY `idx_language` (`language`)
) ENGINE=InnoDB  DEFAULT CHARSET=utf8 AUTO_INCREMENT=15 ;

--
-- Dumpning av Data i tabell `l3kop_categories`
--

INSERT INTO `l3kop_categories` (`id`, `asset_id`, `parent_id`, `lft`, `rgt`, `level`, `path`, `extension`, `title`, `alias`, `note`, `description`, `published`, `checked_out`, `checked_out_time`, `access`, `params`, `metadesc`, `metakey`, `metadata`, `created_user_id`, `created_time`, `modified_user_id`, `modified_time`, `hits`, `language`) VALUES
(1, 0, 0, 0, 27, 0, '', 'system', 'ROOT', 'root', '', '', 1, 0, '0000-00-00 00:00:00', 1, '{}', '', '', '', 0, '2009-10-18 16:07:09', 0, '0000-00-00 00:00:00', 0, '*'),
(2, 27, 1, 1, 2, 1, 'uncategorised', 'com_content', 'Uncategorised', 'uncategorised', '', '', -2, 0, '0000-00-00 00:00:00', 1, '{"target":"","image":""}', '', '', '{"page_title":"","author":"","robots":""}', 42, '2010-06-28 13:26:37', 0, '0000-00-00 00:00:00', 0, '*'),
(3, 28, 1, 3, 4, 1, 'uncategorised', 'com_banners', 'Uncategorised', 'uncategorised', '', '', 1, 0, '0000-00-00 00:00:00', 1, '{"target":"","image":"","foobar":""}', '', '', '{"page_title":"","author":"","robots":""}', 42, '2010-06-28 13:27:35', 0, '0000-00-00 00:00:00', 0, '*'),
(4, 29, 1, 5, 6, 1, 'uncategorised', 'com_contact', 'Uncategorised', 'uncategorised', '', '', 1, 0, '0000-00-00 00:00:00', 1, '{"target":"","image":""}', '', '', '{"page_title":"","author":"","robots":""}', 42, '2010-06-28 13:27:57', 0, '0000-00-00 00:00:00', 0, '*'),
(5, 30, 1, 7, 8, 1, 'uncategorised', 'com_newsfeeds', 'Uncategorised', 'uncategorised', '', '', 1, 0, '0000-00-00 00:00:00', 1, '{"target":"","image":""}', '', '', '{"page_title":"","author":"","robots":""}', 42, '2010-06-28 13:28:15', 0, '0000-00-00 00:00:00', 0, '*'),
(6, 31, 1, 9, 10, 1, 'uncategorised', 'com_weblinks', 'Uncategorised', 'uncategorised', '', '', 1, 0, '0000-00-00 00:00:00', 1, '{"target":"","image":""}', '', '', '{"page_title":"","author":"","robots":""}', 42, '2010-06-28 13:28:33', 0, '0000-00-00 00:00:00', 0, '*'),
(7, 32, 1, 11, 12, 1, 'uncategorised', 'com_users.notes', 'Uncategorised', 'uncategorised', '', '', 1, 0, '0000-00-00 00:00:00', 1, '{"target":"","image":""}', '', '', '{"page_title":"","author":"","robots":""}', 42, '2010-06-28 13:28:33', 0, '0000-00-00 00:00:00', 0, '*'),
(8, 35, 1, 13, 14, 1, 'article-principale', 'com_content', 'article principale', 'article-principale', '', '', 1, 0, '0000-00-00 00:00:00', 1, '{"category_layout":"","image":""}', '', '', '{"author":"","robots":""}', 678, '2012-11-11 10:16:06', 0, '0000-00-00 00:00:00', 0, '*'),
(9, 36, 1, 15, 16, 1, 'article', 'com_content', 'Article ', 'article', '', '', 1, 0, '0000-00-00 00:00:00', 1, '{"category_layout":"","image":""}', '', '', '{"author":"","robots":""}', 678, '2012-11-11 10:17:07', 0, '0000-00-00 00:00:00', 0, '*'),
(10, 37, 1, 17, 18, 1, 'article-2', 'com_content', 'Article  (2)', 'article-2', '', '', -2, 0, '0000-00-00 00:00:00', 1, '{"category_layout":"","image":""}', '', '', '{"author":"","robots":""}', 678, '2012-11-11 10:17:16', 0, '0000-00-00 00:00:00', 0, '*'),
(11, 48, 1, 19, 20, 1, 'meachrist', 'com_djimageslider', 'meachrist', 'meachrist', '', '', 1, 0, '0000-00-00 00:00:00', 1, '{"category_layout":"","image":""}', '', '', '{"author":"","robots":""}', 678, '2012-11-24 05:03:52', 0, '0000-00-00 00:00:00', 0, '*'),
(12, 49, 1, 21, 22, 1, 'image-sliders', 'com_content', 'Image-sliders', 'image-sliders', '', '', 1, 0, '0000-00-00 00:00:00', 1, '{"category_layout":"","image":""}', '', '', '{"author":"","robots":""}', 678, '2012-11-24 05:07:08', 0, '0000-00-00 00:00:00', 0, '*'),
(13, 52, 1, 23, 24, 1, 'page-d-accueil', 'com_content', 'Page d´accueil', 'page-d-accueil', '', '', 1, 0, '0000-00-00 00:00:00', 1, '{"category_layout":"","image":""}', '', '', '{"author":"","robots":""}', 678, '2012-11-24 21:36:43', 0, '0000-00-00 00:00:00', 0, '*'),
(14, 54, 1, 25, 26, 1, 'predicateurs', 'com_djimageslider', 'Predicateurs', 'predicateurs', '', '', 1, 0, '0000-00-00 00:00:00', 1, '{"category_layout":"","image":""}', '', '', '{"author":"","robots":""}', 678, '2012-11-25 23:21:31', 0, '0000-00-00 00:00:00', 0, '*');

-- --------------------------------------------------------

--
-- Tabellstruktur `l3kop_contact_details`
--

CREATE TABLE IF NOT EXISTS `l3kop_contact_details` (
  `id` int(11) NOT NULL AUTO_INCREMENT,
  `name` varchar(255) NOT NULL DEFAULT '',
  `alias` varchar(255) CHARACTER SET utf8 COLLATE utf8_bin NOT NULL DEFAULT '',
  `con_position` varchar(255) DEFAULT NULL,
  `address` text,
  `suburb` varchar(100) DEFAULT NULL,
  `state` varchar(100) DEFAULT NULL,
  `country` varchar(100) DEFAULT NULL,
  `postcode` varchar(100) DEFAULT NULL,
  `telephone` varchar(255) DEFAULT NULL,
  `fax` varchar(255) DEFAULT NULL,
  `misc` mediumtext,
  `image` varchar(255) DEFAULT NULL,
  `imagepos` varchar(20) DEFAULT NULL,
  `email_to` varchar(255) DEFAULT NULL,
  `default_con` tinyint(1) unsigned NOT NULL DEFAULT '0',
  `published` tinyint(1) NOT NULL DEFAULT '0',
  `checked_out` int(10) unsigned NOT NULL DEFAULT '0',
  `checked_out_time` datetime NOT NULL DEFAULT '0000-00-00 00:00:00',
  `ordering` int(11) NOT NULL DEFAULT '0',
  `params` text NOT NULL,
  `user_id` int(11) NOT NULL DEFAULT '0',
  `catid` int(11) NOT NULL DEFAULT '0',
  `access` int(10) unsigned NOT NULL DEFAULT '0',
  `mobile` varchar(255) NOT NULL DEFAULT '',
  `webpage` varchar(255) NOT NULL DEFAULT '',
  `sortname1` varchar(255) NOT NULL,
  `sortname2` varchar(255) NOT NULL,
  `sortname3` varchar(255) NOT NULL,
  `language` char(7) NOT NULL,
  `created` datetime NOT NULL DEFAULT '0000-00-00 00:00:00',
  `created_by` int(10) unsigned NOT NULL DEFAULT '0',
  `created_by_alias` varchar(255) NOT NULL DEFAULT '',
  `modified` datetime NOT NULL DEFAULT '0000-00-00 00:00:00',
  `modified_by` int(10) unsigned NOT NULL DEFAULT '0',
  `metakey` text NOT NULL,
  `metadesc` text NOT NULL,
  `metadata` text NOT NULL,
  `featured` tinyint(3) unsigned NOT NULL DEFAULT '0' COMMENT 'Set if article is featured.',
  `xreference` varchar(50) NOT NULL COMMENT 'A reference to enable linkages to external data sets.',
  `publish_up` datetime NOT NULL DEFAULT '0000-00-00 00:00:00',
  `publish_down` datetime NOT NULL DEFAULT '0000-00-00 00:00:00',
  PRIMARY KEY (`id`),
  KEY `idx_access` (`access`),
  KEY `idx_checkout` (`checked_out`),
  KEY `idx_state` (`published`),
  KEY `idx_catid` (`catid`),
  KEY `idx_createdby` (`created_by`),
  KEY `idx_featured_catid` (`featured`,`catid`),
  KEY `idx_language` (`language`),
  KEY `idx_xreference` (`xreference`)
) ENGINE=InnoDB DEFAULT CHARSET=utf8 AUTO_INCREMENT=1 ;

-- --------------------------------------------------------

--
-- Tabellstruktur `l3kop_content`
--

CREATE TABLE IF NOT EXISTS `l3kop_content` (
  `id` int(10) unsigned NOT NULL AUTO_INCREMENT,
  `asset_id` int(10) unsigned NOT NULL DEFAULT '0' COMMENT 'FK to the #__assets table.',
  `title` varchar(255) NOT NULL DEFAULT '',
  `alias` varchar(255) CHARACTER SET utf8 COLLATE utf8_bin NOT NULL DEFAULT '',
  `title_alias` varchar(255) CHARACTER SET utf8 COLLATE utf8_bin NOT NULL DEFAULT '' COMMENT 'Deprecated in Joomla! 3.0',
  `introtext` mediumtext NOT NULL,
  `fulltext` mediumtext NOT NULL,
  `state` tinyint(3) NOT NULL DEFAULT '0',
  `sectionid` int(10) unsigned NOT NULL DEFAULT '0',
  `mask` int(10) unsigned NOT NULL DEFAULT '0',
  `catid` int(10) unsigned NOT NULL DEFAULT '0',
  `created` datetime NOT NULL DEFAULT '0000-00-00 00:00:00',
  `created_by` int(10) unsigned NOT NULL DEFAULT '0',
  `created_by_alias` varchar(255) NOT NULL DEFAULT '',
  `modified` datetime NOT NULL DEFAULT '0000-00-00 00:00:00',
  `modified_by` int(10) unsigned NOT NULL DEFAULT '0',
  `checked_out` int(10) unsigned NOT NULL DEFAULT '0',
  `checked_out_time` datetime NOT NULL DEFAULT '0000-00-00 00:00:00',
  `publish_up` datetime NOT NULL DEFAULT '0000-00-00 00:00:00',
  `publish_down` datetime NOT NULL DEFAULT '0000-00-00 00:00:00',
  `images` text NOT NULL,
  `urls` text NOT NULL,
  `attribs` varchar(5120) NOT NULL,
  `version` int(10) unsigned NOT NULL DEFAULT '1',
  `parentid` int(10) unsigned NOT NULL DEFAULT '0',
  `ordering` int(11) NOT NULL DEFAULT '0',
  `metakey` text NOT NULL,
  `metadesc` text NOT NULL,
  `access` int(10) unsigned NOT NULL DEFAULT '0',
  `hits` int(10) unsigned NOT NULL DEFAULT '0',
  `metadata` text NOT NULL,
  `featured` tinyint(3) unsigned NOT NULL DEFAULT '0' COMMENT 'Set if article is featured.',
  `language` char(7) NOT NULL COMMENT 'The language code for the article.',
  `xreference` varchar(50) NOT NULL COMMENT 'A reference to enable linkages to external data sets.',
  PRIMARY KEY (`id`),
  KEY `idx_access` (`access`),
  KEY `idx_checkout` (`checked_out`),
  KEY `idx_state` (`state`),
  KEY `idx_catid` (`catid`),
  KEY `idx_createdby` (`created_by`),
  KEY `idx_featured_catid` (`featured`,`catid`),
  KEY `idx_language` (`language`),
  KEY `idx_xreference` (`xreference`)
) ENGINE=InnoDB  DEFAULT CHARSET=utf8 AUTO_INCREMENT=23 ;

--
-- Dumpning av Data i tabell `l3kop_content`
--

INSERT INTO `l3kop_content` (`id`, `asset_id`, `title`, `alias`, `title_alias`, `introtext`, `fulltext`, `state`, `sectionid`, `mask`, `catid`, `created`, `created_by`, `created_by_alias`, `modified`, `modified_by`, `checked_out`, `checked_out_time`, `publish_up`, `publish_down`, `images`, `urls`, `attribs`, `version`, `parentid`, `ordering`, `metakey`, `metadesc`, `access`, `hits`, `metadata`, `featured`, `language`, `xreference`) VALUES
(1, 38, 'Nos programmes', 'accueil', '', '<p><span style="text-decoration: underline;"><strong>1. Programme de la semaine&nbsp;</strong></span></p>\r\n<ul>\r\n<li>Lundi intercession de 17h00 à19h00 ·</li>\r\n<li>Jeudi culte d’enseignement de 17h00 à 19h00</li>\r\n<li>Vendredi Pasteur reçoit de 10h00 à 16h00</li>\r\n<li>Samedi répétition de musiciens de 16h à 19h00.</li>\r\n<li>Dimanche culte d’adoration de 13h30 à 15h45</li>\r\n</ul>\r\n<p><strong><span style="text-decoration: underline;">2. Programmes spéciaux</span> </strong>·</p>\r\n<ul>\r\n<li>Chaque vendredi du fin de moi veillé de prière de 23h00 à 4h00 ·</li>\r\n<li>Chaque lundi du début de mois, intercession des cas spéciaux. « Journée de transformation »</li>\r\n</ul>', '', 1, 0, 0, 13, '2012-11-11 10:18:51', 678, '', '2012-11-25 22:44:32', 678, 0, '0000-00-00 00:00:00', '2012-11-11 10:18:51', '0000-00-00 00:00:00', '{"image_intro":"","float_intro":"","image_intro_alt":"","image_intro_caption":"","image_fulltext":"","float_fulltext":"","image_fulltext_alt":"","image_fulltext_caption":""}', '{"urla":null,"urlatext":"","targeta":"","urlb":null,"urlbtext":"","targetb":"","urlc":null,"urlctext":"","targetc":""}', '{"show_title":"","link_titles":"","show_intro":"","show_category":"","link_category":"","show_parent_category":"","link_parent_category":"","show_author":"","link_author":"","show_create_date":"","show_modify_date":"","show_publish_date":"","show_item_navigation":"","show_icons":"","show_print_icon":"","show_email_icon":"","show_vote":"","show_hits":"","show_noauth":"","urls_position":"","alternative_readmore":"","article_layout":"","show_publishing_options":"","show_article_options":"","show_urls_images_backend":"","show_urls_images_frontend":""}', 9, 0, 1, '', '', 1, 132, '{"robots":"","author":"","rights":"","xreference":""}', 1, '*', ''),
(2, 39, 'Qui sommes-nous?', 'qui-somme-nous', '', '<p>Cet page est construction, veillez-nous visitez ultérieurement</p>\r\n<p><img alt="under-construct" src="images/images/under-construct.gif" height="440" width="531" />\r\n</p>', '', 1, 0, 0, 8, '2012-11-11 10:19:36', 678, '', '2012-11-26 04:49:30', 678, 0, '0000-00-00 00:00:00', '2012-11-11 10:19:36', '0000-00-00 00:00:00', '{"image_intro":"","float_intro":"","image_intro_alt":"","image_intro_caption":"","image_fulltext":"","float_fulltext":"","image_fulltext_alt":"","image_fulltext_caption":""}', '{"urla":null,"urlatext":"","targeta":"","urlb":null,"urlbtext":"","targetb":"","urlc":null,"urlctext":"","targetc":""}', '{"show_title":"","link_titles":"","show_intro":"","show_category":"","link_category":"","show_parent_category":"","link_parent_category":"","show_author":"","link_author":"","show_create_date":"","show_modify_date":"","show_publish_date":"","show_item_navigation":"","show_icons":"","show_print_icon":"","show_email_icon":"","show_vote":"","show_hits":"","show_noauth":"","urls_position":"","alternative_readmore":"","article_layout":"","show_publishing_options":"","show_article_options":"","show_urls_images_backend":"","show_urls_images_frontend":""}', 2, 0, 17, '', '', 1, 39, '{"robots":"","author":"","rights":"","xreference":""}', 0, '*', ''),
(3, 40, 'Evénement', 'evenement', '', '<p>Cet page est construction, veillez-nous visitez ultérieurement</p>\r\n<p><img alt="under-construct" src="images/images/under-construct.gif" height="440" width="531" />\r\n</p>', '', 1, 0, 0, 8, '2012-11-11 10:20:04', 678, '', '2012-11-26 04:47:52', 678, 0, '0000-00-00 00:00:00', '2012-11-11 10:20:04', '0000-00-00 00:00:00', '{"image_intro":"","float_intro":"","image_intro_alt":"","image_intro_caption":"","image_fulltext":"","float_fulltext":"","image_fulltext_alt":"","image_fulltext_caption":""}', '{"urla":null,"urlatext":"","targeta":"","urlb":null,"urlbtext":"","targetb":"","urlc":null,"urlctext":"","targetc":""}', '{"show_title":"","link_titles":"","show_intro":"","show_category":"","link_category":"","show_parent_category":"","link_parent_category":"","show_author":"","link_author":"","show_create_date":"","show_modify_date":"","show_publish_date":"","show_item_navigation":"","show_icons":"","show_print_icon":"","show_email_icon":"","show_vote":"","show_hits":"","show_noauth":"","urls_position":"","alternative_readmore":"","article_layout":"","show_publishing_options":"","show_article_options":"","show_urls_images_backend":"","show_urls_images_frontend":""}', 2, 0, 16, '', '', 1, 10, '{"robots":"","author":"","rights":"","xreference":""}', 0, '*', ''),
(4, 41, 'Allo Pasteur', 'allo-pasteur', '', '<p>Cet page est construction, veillez-nous visitez ultérieurement</p>\r\n<p><img alt="under-construct" src="images/images/under-construct.gif" height="440" width="531" />\r\n</p>', '', 1, 0, 0, 8, '2012-11-11 10:20:36', 678, '', '2012-11-26 04:47:02', 678, 0, '0000-00-00 00:00:00', '2012-11-11 10:20:36', '0000-00-00 00:00:00', '{"image_intro":"","float_intro":"","image_intro_alt":"","image_intro_caption":"","image_fulltext":"","float_fulltext":"","image_fulltext_alt":"","image_fulltext_caption":""}', '{"urla":null,"urlatext":"","targeta":"","urlb":null,"urlbtext":"","targetb":"","urlc":null,"urlctext":"","targetc":""}', '{"show_title":"","link_titles":"","show_intro":"","show_category":"","link_category":"","show_parent_category":"","link_parent_category":"","show_author":"","link_author":"","show_create_date":"","show_modify_date":"","show_publish_date":"","show_item_navigation":"","show_icons":"","show_print_icon":"","show_email_icon":"","show_vote":"","show_hits":"","show_noauth":"","urls_position":"","alternative_readmore":"","article_layout":"","show_publishing_options":"","show_article_options":"","show_urls_images_backend":"","show_urls_images_frontend":""}', 2, 0, 15, '', '', 1, 13, '{"robots":"","author":"","rights":"","xreference":""}', 0, '*', ''),
(5, 42, 'Boutique', 'boutique', '', '<p>Cet page est construction, veillez-nous visitez ultérieurement</p>\r\n<p><img alt="under-construct" src="images/images/under-construct.gif" height="440" width="531" />\r\n</p>', '', 1, 0, 0, 8, '2012-11-11 10:21:12', 678, '', '2012-11-26 04:59:57', 678, 0, '0000-00-00 00:00:00', '2012-11-11 10:21:12', '0000-00-00 00:00:00', '{"image_intro":"","float_intro":"","image_intro_alt":"","image_intro_caption":"","image_fulltext":"","float_fulltext":"","image_fulltext_alt":"","image_fulltext_caption":""}', '{"urla":null,"urlatext":"","targeta":"","urlb":null,"urlbtext":"","targetb":"","urlc":null,"urlctext":"","targetc":""}', '{"show_title":"","link_titles":"","show_intro":"","show_category":"","link_category":"","show_parent_category":"","link_parent_category":"","show_author":"","link_author":"","show_create_date":"","show_modify_date":"","show_publish_date":"","show_item_navigation":"","show_icons":"","show_print_icon":"","show_email_icon":"","show_vote":"","show_hits":"","show_noauth":"","urls_position":"","alternative_readmore":"","article_layout":"","show_publishing_options":"","show_article_options":"","show_urls_images_backend":"","show_urls_images_frontend":""}', 2, 0, 14, '', '', 1, 31, '{"robots":"","author":"","rights":"","xreference":""}', 0, '*', ''),
(6, 43, 'Archives', 'archives', '', '<p>Cet page est construction, veillez-nous visitez ultérieurement</p>\r\n<p><img alt="under-construct" src="images/images/under-construct.gif" height="440" width="531" />\r\n</p>', '', 1, 0, 0, 8, '2012-11-11 10:21:39', 678, '', '2012-11-26 05:00:52', 678, 0, '0000-00-00 00:00:00', '2012-11-11 10:21:39', '0000-00-00 00:00:00', '{"image_intro":"","float_intro":"","image_intro_alt":"","image_intro_caption":"","image_fulltext":"","float_fulltext":"","image_fulltext_alt":"","image_fulltext_caption":""}', '{"urla":null,"urlatext":"","targeta":"","urlb":null,"urlbtext":"","targetb":"","urlc":null,"urlctext":"","targetc":""}', '{"show_title":"","link_titles":"","show_intro":"","show_category":"","link_category":"","show_parent_category":"","link_parent_category":"","show_author":"","link_author":"","show_create_date":"","show_modify_date":"","show_publish_date":"","show_item_navigation":"","show_icons":"","show_print_icon":"","show_email_icon":"","show_vote":"","show_hits":"","show_noauth":"","urls_position":"","alternative_readmore":"","article_layout":"","show_publishing_options":"","show_article_options":"","show_urls_images_backend":"","show_urls_images_frontend":""}', 2, 0, 13, '', '', 1, 9, '{"robots":"","author":"","rights":"","xreference":""}', 0, '*', ''),
(7, 44, 'Contact', 'contact', '', '<p>Cet page est construction, veillez-nous visitez ultérieurement</p>\r\n<p><img alt="under-construct" src="images/images/under-construct.gif" height="440" width="531" />\r\n</p>', '', 1, 0, 0, 8, '2012-11-11 10:21:59', 678, '', '2012-11-26 05:02:18', 678, 0, '0000-00-00 00:00:00', '2012-11-11 10:21:59', '0000-00-00 00:00:00', '{"image_intro":"","float_intro":"","image_intro_alt":"","image_intro_caption":"","image_fulltext":"","float_fulltext":"","image_fulltext_alt":"","image_fulltext_caption":""}', '{"urla":null,"urlatext":"","targeta":"","urlb":null,"urlbtext":"","targetb":"","urlc":null,"urlctext":"","targetc":""}', '{"show_title":"","link_titles":"","show_intro":"","show_category":"","link_category":"","show_parent_category":"","link_parent_category":"","show_author":"","link_author":"","show_create_date":"","show_modify_date":"","show_publish_date":"","show_item_navigation":"","show_icons":"","show_print_icon":"","show_email_icon":"","show_vote":"","show_hits":"","show_noauth":"","urls_position":"","alternative_readmore":"","article_layout":"","show_publishing_options":"","show_article_options":"","show_urls_images_backend":"","show_urls_images_frontend":""}', 2, 0, 12, '', '', 1, 47, '{"robots":"","author":"","rights":"","xreference":""}', 0, '*', ''),
(8, 45, 'La biographie du pasteur', 'pasteur-john-kab', '', '<p><img alt="pasteur john" src="images/images/pasteur_john.jpg" height="179" width="273" /></p>\r\n<p><strong>JOHN KABUIDIBUIDI&nbsp;&nbsp;</strong>&nbsp;&nbsp;&nbsp;&nbsp;&nbsp;&nbsp;&nbsp;&nbsp;&nbsp;&nbsp;&nbsp;&nbsp;&nbsp;&nbsp;&nbsp;&nbsp;&nbsp;&nbsp; &nbsp;<br />&nbsp;<br />John Kabuidibuidi est Congolais de la République Démocratique du Congo, en province du Kasai Oriental.<br />Né à Mbuji Mayi le 16/02/1971, fils cadet d’une famille de huit enfants dont trois garçons et cinq filles. Il est marié à Madame Etsher Muakana et ensemble ils ont trois enfants.<br />Il est visionnaire et représentant légal de la Mission Evangélique les Ambassadeurs du Christ M.E.A.C. depuis 1997, dont le siège administratif est à Kinshasa capital de R.D.Congo.<br />Il est actuellement Pasteur Principal de l’assemblée de Stockholm en Suède, avec une collaboration étroite avec l’église Elim Kyrkan sous la direction du Pasteur Stefan Swärd.<br />John Ka buidibuidi est un prédicateur pentecôtiste depuis 1990 et est consacré au Ministère de l’évangile depuis mars 1993, reconnu et&nbsp; confirmé au Ministère Pastoral en 1997</p>\r\n<p><br /><span style="text-decoration: underline;"><strong>SA CONVERSION</strong></span><br />Sa conversion au christianisme n’est pas un fait du hasard, car il a commencé à suivre ses parents à l’église pentecôtiste de sa province depuis 1980 dont il faisait parti membre de l’école de dimanche.<br />En 1987 John Kabuidibuidi accepta Jésus Christ dans sa vie comme Seigneur et Sauveur personnel selon Romains 9 :10.&nbsp;&nbsp; C’est ainsi qu’il commença directement à servir le Seigneur dans une chorale mixte de la place dénommée «&nbsp; Viens et Vois »</p>\r\n<p><br /><span style="text-decoration: underline;"><strong>SON APPEL AU MINISTERE</strong></span><br />Mon appel au Ministère est venu d’une façon spectaculaire en public c''est-à-dire : Lors d’une grande retraite de prière rassemblant toute la communauté pentecôtiste du Kasaï Oriental en 1990. En pleine pause et spontanément au vu et au su de tout le monde qui m’entourait, j’ai senti une forte transformation dans ma conscience et ma bouche s’est ouverte instantanément et j’ai commencé à prêcher l’évangile du Christ en présence de la foule hommes et femmes en faisant de va et vient.<br />Tout le monde autour de moi était stupéfait et se disait avec étonnement, John est-il- Evangéliste ? Après cet événement, le voile de la peur et honte était tombé sur mon visage et une ardente chaleur de l’évangile brulée mon cœur ainsi donc l’information était rependue au travers mon église et entourage.&nbsp;</p>\r\n<p><br /><span style="text-decoration: underline;"><strong>ETUDES FAITES</strong></span><br />Après ma vocation, j’ai commencé à servir le Seigneur comme prédicateur de la bonne nouvelle dans notre assemblée en restant aux pieds de mon Pasteur Hyppolite Kasangana Matamba pour l’orientation&nbsp; ministérielle,&nbsp; en même temps&nbsp; dans l’école du théologien de formation le Pasteur Corneille Ntita Kamangu pour l’encadrement et la&nbsp; formation théologique ; Ceci pendant 3 ans, c’est ainsi en 1993 j’avais réussi la 1ère confirmation au ministère Evangélique. <br />&nbsp; Etudes séculières Il est breveté en maçonnerie (I.PRO.Makala),&nbsp; Diplômé technicien en construction industrielle(I.T.I.Kasense), Ingénieur en Hydraulique et environnement, Ingénieur en ponts et chaussées, Ingénieur expert , foule option en bâtiment industriel (I.B.T.P. Kinshasa)</p>', '', 1, 0, 0, 9, '2012-11-11 15:32:43', 678, '', '2012-11-26 04:25:50', 678, 0, '0000-00-00 00:00:00', '2012-11-11 15:32:43', '0000-00-00 00:00:00', '{"image_intro":"","float_intro":"","image_intro_alt":"","image_intro_caption":"","image_fulltext":"","float_fulltext":"","image_fulltext_alt":"","image_fulltext_caption":""}', '{"urla":null,"urlatext":"","targeta":"","urlb":null,"urlbtext":"","targetb":"","urlc":null,"urlctext":"","targetc":""}', '{"show_title":"","link_titles":"","show_intro":"","show_category":"","link_category":"","show_parent_category":"","link_parent_category":"","show_author":"","link_author":"","show_create_date":"","show_modify_date":"","show_publish_date":"","show_item_navigation":"","show_icons":"","show_print_icon":"","show_email_icon":"","show_vote":"","show_hits":"","show_noauth":"","urls_position":"","alternative_readmore":"","article_layout":"","show_publishing_options":"","show_article_options":"","show_urls_images_backend":"","show_urls_images_frontend":""}', 3, 0, 1, '', '', 1, 5, '{"robots":"","author":"","rights":"","xreference":""}', 0, '*', ''),
(9, 46, 'Progammes', 'progammes', '', '<p>Lorem ipsum dolor sit amet, consectetur adipiscing elit. Proin ullamcorper ultricies lectus. Fusce tortor nisl, lacinia eget viverra in, gravida et lectus. Suspendisse neque sem, blandit fermentum semper sit amet, tempus vitae quam. Nulla urna lectus, condimentum eu fermentum at, lobortis sit amet nulla. Aenean in nulla sit amet tellus interdum ullamcorper vitae a purus. Proin quis mi at sem accumsan pharetra vitae et felis. Maecenas cursus massa egestas sem tincidunt pharetra hendrerit ligula venenatis. Nunc suscipit ligula eu nisl consectetur vel tincidunt augue lobortis. Suspendisse suscipit tortor vitae sapien imperdiet condimentum. Ut non tempor lorem. Vivamus gravida interdum mauris sed varius. Pellentesque ultrices rutrum laoreet. Phasellus ut purus purus.</p>', '', 1, 0, 0, 9, '2012-11-11 15:33:15', 678, '', '0000-00-00 00:00:00', 0, 0, '0000-00-00 00:00:00', '2012-11-11 15:33:15', '0000-00-00 00:00:00', '{"image_intro":"","float_intro":"","image_intro_alt":"","image_intro_caption":"","image_fulltext":"","float_fulltext":"","image_fulltext_alt":"","image_fulltext_caption":""}', '{"urla":null,"urlatext":"","targeta":"","urlb":null,"urlbtext":"","targetb":"","urlc":null,"urlctext":"","targetc":""}', '{"show_title":"","link_titles":"","show_intro":"","show_category":"","link_category":"","show_parent_category":"","link_parent_category":"","show_author":"","link_author":"","show_create_date":"","show_modify_date":"","show_publish_date":"","show_item_navigation":"","show_icons":"","show_print_icon":"","show_email_icon":"","show_vote":"","show_hits":"","show_noauth":"","urls_position":"","alternative_readmore":"","article_layout":"","show_publishing_options":"","show_article_options":"","show_urls_images_backend":"","show_urls_images_frontend":""}', 1, 0, 0, '', '', 1, 4, '{"robots":"","author":"","rights":"","xreference":""}', 0, '*', ''),
(10, 50, 'image1', 'image1', '', '<p>Lorem ipsum dolor sit amet, consectetur adipiscing elit. Proin ullamcorper ultricies lectus. Fusce tortor nisl, lacinia eget viverra in, gravida et lectus. Suspendisse neque sem, blandit fermentum semper sit amet, tempus vitae quam. Nulla urna lectus, condimentum eu fermentum at, lobortis sit amet nulla. Aenean in nulla sit amet tellus interdum ullamcorper vitae a purus. Proin quis mi at sem accumsan pharetra vitae et felis. Maecenas cursus massa egestas sem tincidunt pharetra hendrerit ligula venenatis. Nunc suscipit ligula eu nisl consectetur vel tincidunt augue lobortis. Suspendisse suscipit tortor vitae sapien imperdiet condimentum. Ut non tempor lorem. Vivamus gravida interdum mauris sed varius. Pellentesque ultrices rutrum laoreet. Phasellus ut purus purus.</p>', '', 1, 0, 0, 8, '2012-11-24 05:09:57', 678, '', '0000-00-00 00:00:00', 0, 0, '0000-00-00 00:00:00', '2012-11-24 05:09:57', '0000-00-00 00:00:00', '{"image_intro":"","float_intro":"","image_intro_alt":"","image_intro_caption":"","image_fulltext":"","float_fulltext":"","image_fulltext_alt":"","image_fulltext_caption":""}', '{"urla":null,"urlatext":"","targeta":"","urlb":null,"urlbtext":"","targetb":"","urlc":null,"urlctext":"","targetc":""}', '{"show_title":"","link_titles":"","show_intro":"","show_category":"","link_category":"","show_parent_category":"","link_parent_category":"","show_author":"","link_author":"","show_create_date":"","show_modify_date":"","show_publish_date":"","show_item_navigation":"","show_icons":"","show_print_icon":"","show_email_icon":"","show_vote":"","show_hits":"","show_noauth":"","urls_position":"","alternative_readmore":"","article_layout":"","show_publishing_options":"","show_article_options":"","show_urls_images_backend":"","show_urls_images_frontend":""}', 1, 0, 11, '', '', 1, 0, '{"robots":"","author":"","rights":"","xreference":""}', 0, '*', ''),
(11, 53, 'Bienvenue sur Meachrist.com', 'bienvenue-sur-meachrist-com', '', '<p>&nbsp;<img alt="vision" src="images/images/vision.jpg" height="262" width="400" /></p>\r\n<p>La vision est la vraie image de Dieu qui indique la direction divine et révèle les secrets fondamentaux concernant le destin prophétique pour la vie de son peuple.Le Seigneur appelle son serviteur pour l’orientation vers une direction enfin d’amener le peuple de Dieu entièrement à la direction divine et posséder la vie éternelle en Jésus Christ.</p>\r\n<p>&nbsp;</p>\r\n', '\r\n<p>&nbsp;</p>\r\n<p><span style="text-decoration: underline;">Définition</span></p>\r\n<p>La vision est le gouvernail de Dieu entre les mains d’un homme appelé visionnaire (Leader) lui servant de diriger l’œuvre de Dieu d’après la pensée de Dieu.</p>\r\n<p>A&nbsp;&nbsp;&nbsp;&nbsp;&nbsp;&nbsp;&nbsp;&nbsp;&nbsp;&nbsp;&nbsp;&nbsp;&nbsp;&nbsp;&nbsp;&nbsp; Direction divine&nbsp;&nbsp;&nbsp;&nbsp;&nbsp;&nbsp;&nbsp;&nbsp;&nbsp;&nbsp;&nbsp;&nbsp;&nbsp;&nbsp;&nbsp;&nbsp;&nbsp;&nbsp;&nbsp;&nbsp;&nbsp;&nbsp;&nbsp;&nbsp;&nbsp;&nbsp;&nbsp;&nbsp;&nbsp;&nbsp;&nbsp;&nbsp;&nbsp;&nbsp;&nbsp;&nbsp;&nbsp;&nbsp;&nbsp;&nbsp;&nbsp; B</p>\r\n<p>La Mission Evangélique les Ambassadeurs du Christ (MEAC) est une église d’évangélisation dont le message de base est la réconciliation au travers la croix du Jésus Christ selon 2corinthiens 5 :18-20</p>\r\n<p>&nbsp;</p>\r\n<p>&nbsp;</p>\r\n<p>C''est-à-dire réconcilier le monde avec Dieu en passant par Christ, ce qui signifie la relation verticale de la croix ; comme Christ dit : Nul ne peut aller chez, mon père sans passer par moi.</p>\r\n<p>Et enfin, la réconciliation des hommes entre eux en passant également par Christ, ce qui implique la relation horizontale.</p>\r\n<p>Dans la réconciliation nous trouvons la puissance du pardon sans la quelle nous ne pouvions pas être appelé enfants de Dieu, car au travers le sang de Jésus, Dieu à pardonné nos péchés. Ainsi donc la bible nous demande de nous réconcilier les uns aux autres en nous pardonnant également comme Dieu l’a fait pour nous texte….</p>\r\n<p><span style="text-decoration: underline;"><strong>Formule :</strong></span>&nbsp;&nbsp;&nbsp; La relation verticale est fonction de la relation horizontale</p>\r\n<p>&nbsp;&nbsp;&nbsp;&nbsp;&nbsp;&nbsp;&nbsp;&nbsp;&nbsp;&nbsp;&nbsp;&nbsp;&nbsp;&nbsp;&nbsp;&nbsp;&nbsp;&nbsp; RV= fct(RH)</p>\r\n<p>Dans notre vision nous avons deux axes indispensables qui justifient son existence, à savoir :</p>\r\n<p><strong><span style="text-decoration: underline;">AXE EXTERNE&nbsp;</span> </strong></p>\r\n<p>Cet axe nous permet de faire le ministère aux perdus (sans église) en leur évangélisant et montant l’importance du salut en Jésus-Christ. Pour y arriver nous organisons les rassemblements évangéliques en plein aire et l’évangélisation locale (de porte à porte) dans le souci de gagner les âmes au Seigneur.</p>\r\n<p>Bref : C’est branche d’évangélisation.</p>\r\n<p><span style="text-decoration: underline;"><strong>AXE INTERNE</strong></span></p>\r\n<p>Dans cet axe, nous faisons le ministère aux saints c''est-à-dire, une fois que les in convertis viennent dans notre église ; il est de notre devoir d’incorporer ces derniers dans notre famille chrétienne en :</p>\r\n<p>Le conformer aux des Ambassadeurs du Christ</p>\r\n<p>Donner les enseignements et prédications pour arriver à la maturité spirituelle</p>\r\n<p>Leur fournir la formation appropriée soit pour collaborer avec le pasteur, soit pour exercer dans leur grâce respective et s’ouvrir vers l’extérieur pour l’avancement de MEAC à travers le monde<br />NB : Notre vision a eu naissance à Kinshasa capitale de la République démocratique du Congo depuis 1997 par le Pasteur John Kabuidibuidi suite recommandation&nbsp; Christ Jésus à partir d’une vision réussi en 19993 dans son village natal.<br />Dans la perspective d’atteindre le monde avec la parole de l’évangile selon la recommandation de Seigneur à ses disciples Mat 28 :19. La MEAC a aujourd’hui des assemblées implantées et travaille&nbsp; actuellement sous le para plût de l’église Suédoise « Elim Kyrkan » dans l’aspect d’implantation des assemblées.</p>', 1, 0, 0, 13, '2012-11-24 21:38:13', 678, '', '2012-11-26 04:53:51', 678, 0, '0000-00-00 00:00:00', '2012-11-24 21:38:13', '0000-00-00 00:00:00', '{"image_intro":"","float_intro":"","image_intro_alt":"","image_intro_caption":"","image_fulltext":"","float_fulltext":"","image_fulltext_alt":"","image_fulltext_caption":""}', '{"urla":null,"urlatext":"","targeta":"","urlb":null,"urlbtext":"","targetb":"","urlc":null,"urlctext":"","targetc":""}', '{"show_title":"","link_titles":"","show_intro":"","show_category":"","link_category":"","show_parent_category":"","link_parent_category":"","show_author":"","link_author":"","show_create_date":"","show_modify_date":"","show_publish_date":"","show_item_navigation":"","show_icons":"","show_print_icon":"","show_email_icon":"","show_vote":"","show_hits":"","show_noauth":"","urls_position":"","alternative_readmore":"","article_layout":"","show_publishing_options":"","show_article_options":"","show_urls_images_backend":"","show_urls_images_frontend":""}', 14, 0, 0, '', '', 1, 7, '{"robots":"","author":"","rights":"","xreference":""}', 1, '*', ''),
(12, 55, 'La vision', 'la-vision', '', '<p><strong><span style="text-decoration: underline;"> </span></strong></p>\r\n<p><strong><span style="text-decoration: underline;"><img alt="vision" src="images/images/vision.jpg" height="262" width="400" /></span></strong></p>\r\n<p><strong><span style="text-decoration: underline;">VISION INTRODUCTION </span></strong></p>\r\n<p>La vision est la vraie image de Dieu qui indique la direction divine et révèle les secrets fondamentaux concernant le destin prophétique pour la vie de son peuple. Le Seigneur appelle son serviteur pour l’orientation vers une direction enfin d’amener le peuple de Dieu entièrement à la direction divine et posséder la vie éternelle en Jésus Christ.</p>\r\n<p><strong><span style="text-decoration: underline;"> Définition</span></strong></p>\r\n<p>La vision est le gouvernail de Dieu entre les mains d’un homme appelé visionnaire (Leader) lui servant de diriger l’œuvre de Dieu d’après la pensée de Dieu.</p>\r\n<p>A Direction divine B</p>\r\n<p>La Mission Evangélique les Ambassadeurs du Christ (MEAC) est une église d’évangélisation dont le message de base est la réconciliation au travers la croix du Jésus Christ selon 2corinthiens 5 :18-20</p>\r\n<p>C''est-à-dire réconcilier le monde avec Dieu en passant par Christ, ce qui signifie la relation verticale de la croix ; comme Christ dit : Nul ne peut aller chez, mon père sans passer par moi. Et enfin, la réconciliation des hommes entre eux en passant également par Christ, ce qui implique la relation horizontale.</p>\r\n<p>Dans la réconciliation nous trouvons la puissance du pardon sans la quelle nous ne pouvions pas être appelé enfants de Dieu, car au travers le sang de Jésus, Dieu à pardonné nos péchés. Ainsi donc la bible nous demande de nous réconcilier les uns aux autres en nous pardonnant également comme Dieu l’a fait pour nous texte….</p>\r\n<p><strong><span style="text-decoration: underline;">Formule :</span> </strong></p>\r\n<p>La relation verticale est fonction de la relation horizontale RV= fct(RH) Dans notre vision nous avons deux axes indispensables qui justifient son existence, à savoir :</p>\r\n<p><span style="text-decoration: underline;"><strong> AXE EXTERNE :</strong> </span></p>\r\n<p>Cet axe nous permet de faire le ministère aux perdus (sans église) en leur évangélisant et montant l’importance du salut en Jésus-Christ. Pour y arriver nous organisons les rassemblements évangéliques en plein aire et l’évangélisation locale (de porte à porte) dans le souci de gagner les âmes au Seigneur. Bref : C’est branche d’évangélisation.</p>\r\n<p><span style="text-decoration: underline;"><strong>AXE INTERNE</strong> </span></p>\r\n<p>Dans cet axe, nous faisons le ministère aux saints c''est-à-dire, une fois que les in convertis viennent dans notre église ; il est de notre devoir d’incorporer ces derniers dans notre famille chrétienne en :</p>\r\n<ul>\r\n<li>- Le conformer aux des Ambassadeurs du Christ</li>\r\n<li>- Donner les enseignements et prédications pour arriver à la maturité spirituelle</li>\r\n<li>- Leur fournir la formation appropriée soit pour collaborer avec le pasteur, soit pour exercer dans leur grâce respective et s’ouvrir vers l’extérieur pour l’avancement de MEAC à travers le monde</li>\r\n</ul>\r\n<p>NB : Notre vision a eu naissance à Kinshasa capitale de la République démocratique du Congo depuis 1997 par le Pasteur John Kabuidibuidi suite recommandation Christ Jésus à partir d’une vision réussi en 19993 dans son village natal. Dans la perspective d’atteindre le monde avec la parole de l’évangile selon la recommandation de Seigneur à ses disciples Mat 28 :19. La MEAC a aujourd’hui des assemblées implantées et travaille actuellement sous le para plût de l’église Suédoise « Elim Kyrkan » dans l’aspect d’implantation des assemblées. &nbsp;</p>', '', 1, 0, 0, 8, '2012-11-26 03:44:44', 678, '', '2012-11-26 04:52:55', 678, 0, '0000-00-00 00:00:00', '2012-11-26 03:44:44', '0000-00-00 00:00:00', '{"image_intro":"","float_intro":"","image_intro_alt":"","image_intro_caption":"","image_fulltext":"","float_fulltext":"","image_fulltext_alt":"","image_fulltext_caption":""}', '{"urla":null,"urlatext":"","targeta":"","urlb":null,"urlbtext":"","targetb":"","urlc":null,"urlctext":"","targetc":""}', '{"show_title":"","link_titles":"","show_intro":"","show_category":"","link_category":"","show_parent_category":"","link_parent_category":"","show_author":"","link_author":"","show_create_date":"","show_modify_date":"","show_publish_date":"","show_item_navigation":"","show_icons":"","show_print_icon":"","show_email_icon":"","show_vote":"","show_hits":"","show_noauth":"","urls_position":"","alternative_readmore":"","article_layout":"","show_publishing_options":"","show_article_options":"","show_urls_images_backend":"","show_urls_images_frontend":""}', 3, 0, 10, '', '', 1, 3, '{"robots":"","author":"","rights":"","xreference":""}', 0, '*', ''),
(13, 56, 'Doctine', 'doctine', '', '<p>Cet page est construction, veuillez-nous visitez ultérieurement</p>\r\n<p><img alt="under-construct" src="images/images/under-construct.gif" height="440" width="531" /></p>', '', 1, 0, 0, 8, '2012-11-26 03:49:59', 678, '', '0000-00-00 00:00:00', 0, 0, '0000-00-00 00:00:00', '2012-11-26 03:49:59', '0000-00-00 00:00:00', '{"image_intro":"","float_intro":"","image_intro_alt":"","image_intro_caption":"","image_fulltext":"","float_fulltext":"","image_fulltext_alt":"","image_fulltext_caption":""}', '{"urla":null,"urlatext":"","targeta":"","urlb":null,"urlbtext":"","targetb":"","urlc":null,"urlctext":"","targetc":""}', '{"show_title":"","link_titles":"","show_intro":"","show_category":"","link_category":"","show_parent_category":"","link_parent_category":"","show_author":"","link_author":"","show_create_date":"","show_modify_date":"","show_publish_date":"","show_item_navigation":"","show_icons":"","show_print_icon":"","show_email_icon":"","show_vote":"","show_hits":"","show_noauth":"","urls_position":"","alternative_readmore":"","article_layout":"","show_publishing_options":"","show_article_options":"","show_urls_images_backend":"","show_urls_images_frontend":""}', 1, 0, 9, '', '', 1, 1, '{"robots":"","author":"","rights":"","xreference":""}', 0, '*', ''),
(14, 57, 'L´organisation', 'l-organisation', '', '<p>&nbsp;</p>\r\n<p>Cet page est construction, veillez-nous visitez ultérieurement</p>\r\n<p><img alt="under-construct" src="images/images/under-construct.gif" height="440" width="531" /></p>', '', 1, 0, 0, 8, '2012-11-26 03:51:29', 678, '', '0000-00-00 00:00:00', 0, 0, '0000-00-00 00:00:00', '2012-11-26 03:51:29', '0000-00-00 00:00:00', '{"image_intro":"","float_intro":"","image_intro_alt":"","image_intro_caption":"","image_fulltext":"","float_fulltext":"","image_fulltext_alt":"","image_fulltext_caption":""}', '{"urla":null,"urlatext":"","targeta":"","urlb":null,"urlbtext":"","targetb":"","urlc":null,"urlctext":"","targetc":""}', '{"show_title":"","link_titles":"","show_intro":"","show_category":"","link_category":"","show_parent_category":"","link_parent_category":"","show_author":"","link_author":"","show_create_date":"","show_modify_date":"","show_publish_date":"","show_item_navigation":"","show_icons":"","show_print_icon":"","show_email_icon":"","show_vote":"","show_hits":"","show_noauth":"","urls_position":"","alternative_readmore":"","article_layout":"","show_publishing_options":"","show_article_options":"","show_urls_images_backend":"","show_urls_images_frontend":""}', 1, 0, 8, '', '', 1, 0, '{"robots":"","author":"","rights":"","xreference":""}', 0, '*', ''),
(15, 58, 'Vidéos', 'videos', '', '<p>&nbsp;</p>\r\n<p>Cet page est construction, veillez-nous visitez ultérieurement</p>\r\n<p><img alt="under-construct" src="images/images/under-construct.gif" height="440" width="531" /></p>', '', 1, 0, 0, 8, '2012-11-26 03:53:15', 678, '', '0000-00-00 00:00:00', 0, 0, '0000-00-00 00:00:00', '2012-11-26 03:53:15', '0000-00-00 00:00:00', '{"image_intro":"","float_intro":"","image_intro_alt":"","image_intro_caption":"","image_fulltext":"","float_fulltext":"","image_fulltext_alt":"","image_fulltext_caption":""}', '{"urla":null,"urlatext":"","targeta":"","urlb":null,"urlbtext":"","targetb":"","urlc":null,"urlctext":"","targetc":""}', '{"show_title":"","link_titles":"","show_intro":"","show_category":"","link_category":"","show_parent_category":"","link_parent_category":"","show_author":"","link_author":"","show_create_date":"","show_modify_date":"","show_publish_date":"","show_item_navigation":"","show_icons":"","show_print_icon":"","show_email_icon":"","show_vote":"","show_hits":"","show_noauth":"","urls_position":"","alternative_readmore":"","article_layout":"","show_publishing_options":"","show_article_options":"","show_urls_images_backend":"","show_urls_images_frontend":""}', 1, 0, 7, '', '', 1, 1, '{"robots":"","author":"","rights":"","xreference":""}', 0, '*', ''),
(16, 59, 'Formation biblique', 'formation-biblique', '', '<p><strong><img alt="fornation1" src="images/images/fornation1.jpg" height="262" width="400" />&nbsp;</strong><br /><strong></strong></p>\r\n<p><strong>INTRODUCTION</strong></p>\r\n<p>L’œuvre de Dieu est une œuvre d’initiation et le saint Esprit est notre professeur par excellence pour nous initier dans beaucoup de choses.&nbsp; Mais il existe certaines choses qui demandent l’intervention d’une formation adéquate pour arriver à bien servir le Seigneur Jésus Christ soit dans sa fonction ou dans son don.</p>\r\n<p>2Rois 17 :27-28 Et le Rois d’Assyrie dit qu’on aille chercher parmi les Sacrificateurs…..<br />La bible dit : « Nous connaissons en partie »<br />1tim2 :2 dit&nbsp; «&nbsp; Et ce que tu as entendu de moi en présence de beaucoup de témoins confie-le à des hommes fidèles qui soient capables de l’enseigner aux&nbsp; autres »<br />&nbsp;</p>\r\n<p>Jésus Christ notre modèle a formé ses disciples pendant trois ans, il les même envoyé dans la pratique afin de le roder dans le service<br />Ainsi donc, nous avons deux grandes filières de formation à savoir :</p>\r\n<ol>\r\n<li>Ecole des Collaborateurs</li>\r\n<li>Développe ta grâce</li>\r\n</ol>\r\n<p><br /><strong><span style="text-decoration: underline;">ECOLE DE COLLABORATEURS</span></strong></p>\r\n<p><img alt="formation2" src="images/images/formation2.jpg" height="262" width="400" /><br /><br />Cette école vise à la formation des frères et sœurs engagés dans leurs églises et qui ont des diverses responsabilités en vue de leur donner une connaissance appropriée le permettant à connaitre leur rôle dans la vision et leur importance à côté du Leadeur&nbsp; envie d’aider ce dernier à répondre favorablement à sa mission divine.<br />Dans ce cycle de formation nous avons les cours tels que : Les Ministères, La Vision, Le Leadership,&nbsp; L’Eglise, Autour du Leader, L’ ancienat, Le&nbsp; Diaconat, Le Département,<br />Le cycle de formation est de 6mois. Un certificat est remis à tout étudiant ayant terminé et passé aux examens avec satisfaction.</p>\r\n<p>&nbsp;<span style="text-decoration: underline;"><strong>DEVELOPPE TA GRACE</strong></span></p>\r\n<p><br />Ephésiens 4 :2 dit : «&nbsp; Pour le perfectionnement des saints et l’édification du corps de Christ en vue de l’œuvre du ministère »<br />Ici il est question des formations diverses de tout chrétien ayant une grâce quelconque en lui dans un domaine bien précis de recevoir une formation effective et pratique enfin de s’exercer pour l’avancement de l’œuvre.<br />Il s’agit de : Prédicateurs, Modérateurs, Interprète, Gagneur d’âmes……<br />Un certificat est remis à la fin de la formation après que l’étudiant ait passé aux examens théorie et pratique avec satisfaction</p>', '', 1, 0, 0, 8, '2012-11-26 04:05:17', 678, '', '0000-00-00 00:00:00', 0, 0, '0000-00-00 00:00:00', '2012-11-26 04:05:17', '0000-00-00 00:00:00', '{"image_intro":"","float_intro":"","image_intro_alt":"","image_intro_caption":"","image_fulltext":"","float_fulltext":"","image_fulltext_alt":"","image_fulltext_caption":""}', '{"urla":null,"urlatext":"","targeta":"","urlb":null,"urlbtext":"","targetb":"","urlc":null,"urlctext":"","targetc":""}', '{"show_title":"","link_titles":"","show_intro":"","show_category":"","link_category":"","show_parent_category":"","link_parent_category":"","show_author":"","link_author":"","show_create_date":"","show_modify_date":"","show_publish_date":"","show_item_navigation":"","show_icons":"","show_print_icon":"","show_email_icon":"","show_vote":"","show_hits":"","show_noauth":"","urls_position":"","alternative_readmore":"","article_layout":"","show_publishing_options":"","show_article_options":"","show_urls_images_backend":"","show_urls_images_frontend":""}', 1, 0, 6, '', '', 1, 0, '{"robots":"","author":"","rights":"","xreference":""}', 0, '*', ''),
(17, 60, 'Enseignements Textes', 'enseignements-textes', '', '<p>&nbsp;</p>\r\n<p>Cet page est construction, veillez-nous visitez ultérieurement</p>\r\n<p><img alt="under-construct" src="images/images/under-construct.gif" height="440" width="531" /></p>', '', 1, 0, 0, 8, '2012-11-26 04:05:58', 678, '', '0000-00-00 00:00:00', 0, 0, '0000-00-00 00:00:00', '2012-11-26 04:05:58', '0000-00-00 00:00:00', '{"image_intro":"","float_intro":"","image_intro_alt":"","image_intro_caption":"","image_fulltext":"","float_fulltext":"","image_fulltext_alt":"","image_fulltext_caption":""}', '{"urla":null,"urlatext":"","targeta":"","urlb":null,"urlbtext":"","targetb":"","urlc":null,"urlctext":"","targetc":""}', '{"show_title":"","link_titles":"","show_intro":"","show_category":"","link_category":"","show_parent_category":"","link_parent_category":"","show_author":"","link_author":"","show_create_date":"","show_modify_date":"","show_publish_date":"","show_item_navigation":"","show_icons":"","show_print_icon":"","show_email_icon":"","show_vote":"","show_hits":"","show_noauth":"","urls_position":"","alternative_readmore":"","article_layout":"","show_publishing_options":"","show_article_options":"","show_urls_images_backend":"","show_urls_images_frontend":""}', 1, 0, 5, '', '', 1, 0, '{"robots":"","author":"","rights":"","xreference":""}', 0, '*', ''),
(18, 61, 'Emissions', 'emissions', '', '<p>Cet page est construction, veillez-nous visitez ultérieurement</p>\r\n<p><img alt="under-construct" src="images/images/under-construct.gif" height="440" width="531" />\r\n</p>', '', 1, 0, 0, 8, '2012-11-26 04:06:33', 678, '', '0000-00-00 00:00:00', 0, 0, '0000-00-00 00:00:00', '2012-11-26 04:06:33', '0000-00-00 00:00:00', '{"image_intro":"","float_intro":"","image_intro_alt":"","image_intro_caption":"","image_fulltext":"","float_fulltext":"","image_fulltext_alt":"","image_fulltext_caption":""}', '{"urla":null,"urlatext":"","targeta":"","urlb":null,"urlbtext":"","targetb":"","urlc":null,"urlctext":"","targetc":""}', '{"show_title":"","link_titles":"","show_intro":"","show_category":"","link_category":"","show_parent_category":"","link_parent_category":"","show_author":"","link_author":"","show_create_date":"","show_modify_date":"","show_publish_date":"","show_item_navigation":"","show_icons":"","show_print_icon":"","show_email_icon":"","show_vote":"","show_hits":"","show_noauth":"","urls_position":"","alternative_readmore":"","article_layout":"","show_publishing_options":"","show_article_options":"","show_urls_images_backend":"","show_urls_images_frontend":""}', 1, 0, 4, '', '', 1, 0, '{"robots":"","author":"","rights":"","xreference":""}', 0, '*', ''),
(19, 62, 'Contactez le Pasteur', 'contactez-le-pasteur', '', ' <p>Cet page est construction, veillez-nous visitez ultérieurement</p>\r\n<p><img alt="under-construct" src="images/images/under-construct.gif" height="440" width="531" />\r\n</p>', '', 1, 0, 0, 8, '2012-11-26 04:07:36', 678, '', '0000-00-00 00:00:00', 0, 0, '0000-00-00 00:00:00', '2012-11-26 04:07:36', '0000-00-00 00:00:00', '{"image_intro":"","float_intro":"","image_intro_alt":"","image_intro_caption":"","image_fulltext":"","float_fulltext":"","image_fulltext_alt":"","image_fulltext_caption":""}', '{"urla":null,"urlatext":"","targeta":"","urlb":null,"urlbtext":"","targetb":"","urlc":null,"urlctext":"","targetc":""}', '{"show_title":"","link_titles":"","show_intro":"","show_category":"","link_category":"","show_parent_category":"","link_parent_category":"","show_author":"","link_author":"","show_create_date":"","show_modify_date":"","show_publish_date":"","show_item_navigation":"","show_icons":"","show_print_icon":"","show_email_icon":"","show_vote":"","show_hits":"","show_noauth":"","urls_position":"","alternative_readmore":"","article_layout":"","show_publishing_options":"","show_article_options":"","show_urls_images_backend":"","show_urls_images_frontend":""}', 1, 0, 3, '', '', 1, 0, '{"robots":"","author":"","rights":"","xreference":""}', 0, '*', ''),
(20, 63, 'Membre', 'membre', '', ' <p>Cet page est construction, veillez-nous visitez ultérieurement</p>\r\n<p><img alt="under-construct" src="images/images/under-construct.gif" height="440" width="531" />\r\n</p>', '', 1, 0, 0, 8, '2012-11-26 04:08:13', 678, '', '0000-00-00 00:00:00', 0, 0, '0000-00-00 00:00:00', '2012-11-26 04:08:13', '0000-00-00 00:00:00', '{"image_intro":"","float_intro":"","image_intro_alt":"","image_intro_caption":"","image_fulltext":"","float_fulltext":"","image_fulltext_alt":"","image_fulltext_caption":""}', '{"urla":null,"urlatext":"","targeta":"","urlb":null,"urlbtext":"","targetb":"","urlc":null,"urlctext":"","targetc":""}', '{"show_title":"","link_titles":"","show_intro":"","show_category":"","link_category":"","show_parent_category":"","link_parent_category":"","show_author":"","link_author":"","show_create_date":"","show_modify_date":"","show_publish_date":"","show_item_navigation":"","show_icons":"","show_print_icon":"","show_email_icon":"","show_vote":"","show_hits":"","show_noauth":"","urls_position":"","alternative_readmore":"","article_layout":"","show_publishing_options":"","show_article_options":"","show_urls_images_backend":"","show_urls_images_frontend":""}', 1, 0, 2, '', '', 1, 0, '{"robots":"","author":"","rights":"","xreference":""}', 0, '*', ''),
(21, 64, 'Faire un don', 'faire-un-don', '', ' <p>Cet page est construction, veillez-nous visitez ultérieurement</p>\r\n<p><img alt="under-construct" src="images/images/under-construct.gif" height="440" width="531" />\r\n</p>', '', 1, 0, 0, 8, '2012-11-26 04:09:01', 678, '', '0000-00-00 00:00:00', 0, 0, '0000-00-00 00:00:00', '2012-11-26 04:09:01', '0000-00-00 00:00:00', '{"image_intro":"","float_intro":"","image_intro_alt":"","image_intro_caption":"","image_fulltext":"","float_fulltext":"","image_fulltext_alt":"","image_fulltext_caption":""}', '{"urla":null,"urlatext":"","targeta":"","urlb":null,"urlbtext":"","targetb":"","urlc":null,"urlctext":"","targetc":""}', '{"show_title":"","link_titles":"","show_intro":"","show_category":"","link_category":"","show_parent_category":"","link_parent_category":"","show_author":"","link_author":"","show_create_date":"","show_modify_date":"","show_publish_date":"","show_item_navigation":"","show_icons":"","show_print_icon":"","show_email_icon":"","show_vote":"","show_hits":"","show_noauth":"","urls_position":"","alternative_readmore":"","article_layout":"","show_publishing_options":"","show_article_options":"","show_urls_images_backend":"","show_urls_images_frontend":""}', 1, 0, 1, '', '', 1, 0, '{"robots":"","author":"","rights":"","xreference":""}', 0, '*', ''),
(22, 65, 'Edification', 'edification', '', ' <p>Cet page est construction, veillez-nous visitez ultérieurement</p>\r\n<p><img alt="under-construct" src="images/images/under-construct.gif" height="440" width="531" />\r\n</p>', '', 1, 0, 0, 8, '2012-11-26 04:50:17', 678, '', '0000-00-00 00:00:00', 0, 0, '0000-00-00 00:00:00', '2012-11-26 04:50:17', '0000-00-00 00:00:00', '{"image_intro":"","float_intro":"","image_intro_alt":"","image_intro_caption":"","image_fulltext":"","float_fulltext":"","image_fulltext_alt":"","image_fulltext_caption":""}', '{"urla":null,"urlatext":"","targeta":"","urlb":null,"urlbtext":"","targetb":"","urlc":null,"urlctext":"","targetc":""}', '{"show_title":"","link_titles":"","show_intro":"","show_category":"","link_category":"","show_parent_category":"","link_parent_category":"","show_author":"","link_author":"","show_create_date":"","show_modify_date":"","show_publish_date":"","show_item_navigation":"","show_icons":"","show_print_icon":"","show_email_icon":"","show_vote":"","show_hits":"","show_noauth":"","urls_position":"","alternative_readmore":"","article_layout":"","show_publishing_options":"","show_article_options":"","show_urls_images_backend":"","show_urls_images_frontend":""}', 1, 0, 0, '', '', 1, 1, '{"robots":"","author":"","rights":"","xreference":""}', 0, '*', '');

-- --------------------------------------------------------

--
-- Tabellstruktur `l3kop_content_frontpage`
--

CREATE TABLE IF NOT EXISTS `l3kop_content_frontpage` (
  `content_id` int(11) NOT NULL DEFAULT '0',
  `ordering` int(11) NOT NULL DEFAULT '0',
  PRIMARY KEY (`content_id`)
) ENGINE=InnoDB DEFAULT CHARSET=utf8;

--
-- Dumpning av Data i tabell `l3kop_content_frontpage`
--

INSERT INTO `l3kop_content_frontpage` (`content_id`, `ordering`) VALUES
(1, 2),
(11, 1);

-- --------------------------------------------------------

--
-- Tabellstruktur `l3kop_content_rating`
--

CREATE TABLE IF NOT EXISTS `l3kop_content_rating` (
  `content_id` int(11) NOT NULL DEFAULT '0',
  `rating_sum` int(10) unsigned NOT NULL DEFAULT '0',
  `rating_count` int(10) unsigned NOT NULL DEFAULT '0',
  `lastip` varchar(50) NOT NULL DEFAULT '',
  PRIMARY KEY (`content_id`)
) ENGINE=InnoDB DEFAULT CHARSET=utf8;

-- --------------------------------------------------------

--
-- Tabellstruktur `l3kop_core_log_searches`
--

CREATE TABLE IF NOT EXISTS `l3kop_core_log_searches` (
  `search_term` varchar(128) NOT NULL DEFAULT '',
  `hits` int(10) unsigned NOT NULL DEFAULT '0'
) ENGINE=InnoDB DEFAULT CHARSET=utf8;

-- --------------------------------------------------------

--
-- Tabellstruktur `l3kop_djimageslider`
--

CREATE TABLE IF NOT EXISTS `l3kop_djimageslider` (
  `id` int(10) unsigned NOT NULL AUTO_INCREMENT,
  `catid` int(10) unsigned NOT NULL DEFAULT '0',
  `title` varchar(255) NOT NULL,
  `alias` varchar(255) NOT NULL DEFAULT '',
  `image` varchar(255) NOT NULL,
  `description` text NOT NULL,
  `published` tinyint(1) NOT NULL DEFAULT '0',
  `publish_up` datetime NOT NULL DEFAULT '0000-00-00 00:00:00',
  `publish_down` datetime NOT NULL DEFAULT '0000-00-00 00:00:00',
  `checked_out` int(10) unsigned NOT NULL DEFAULT '0',
  `checked_out_time` datetime NOT NULL DEFAULT '0000-00-00 00:00:00',
  `ordering` int(11) NOT NULL DEFAULT '0',
  `params` text NOT NULL,
  PRIMARY KEY (`id`),
  KEY `catid` (`catid`,`published`)
) ENGINE=InnoDB  DEFAULT CHARSET=utf8 AUTO_INCREMENT=6 ;

--
-- Dumpning av Data i tabell `l3kop_djimageslider`
--

INSERT INTO `l3kop_djimageslider` (`id`, `catid`, `title`, `alias`, `image`, `description`, `published`, `publish_up`, `publish_down`, `checked_out`, `checked_out_time`, `ordering`, `params`) VALUES
(1, 11, 'Slider1', 'les-champions', 'images/image-slider/slider1.jpg', '<p>Bienvenue sur Meachrist.com</p>', 1, '0000-00-00 00:00:00', '0000-00-00 00:00:00', 0, '0000-00-00 00:00:00', 1, '{"link_type":"url","link_menu":"101","link_url":"#","link_article":"10","link_target":""}'),
(2, 11, 'Slider2', 'slider2', 'images/image-slider/slider2.jpg', '<p>Jésus est seigneur</p>', 1, '0000-00-00 00:00:00', '0000-00-00 00:00:00', 0, '0000-00-00 00:00:00', 2, '{"link_type":"","link_menu":"101","link_url":"","link_article":"","link_target":""}'),
(3, 11, 'Slider3', 'slider3', 'images/image-slider/slider3.jpg', '<p>Le Roi de rois</p>', 1, '0000-00-00 00:00:00', '0000-00-00 00:00:00', 0, '0000-00-00 00:00:00', 3, '{"link_type":"","link_menu":"101","link_url":"","link_article":"10","link_target":""}'),
(4, 14, 'John Kabuidibudi', 'predicateur', 'images/Predicateurs/predicateur1.jpg', '<p>Le pasteur de l´église</p>', 1, '0000-00-00 00:00:00', '0000-00-00 00:00:00', 0, '0000-00-00 00:00:00', 4, '{"link_type":"article","link_menu":"109","link_url":"","link_article":"","link_target":""}'),
(5, 14, 'José Mayuku', 'predicateur', 'images/Predicateurs/predicateur2.jpg', '<p>L´évangéliste de l´église</p>', 1, '0000-00-00 00:00:00', '0000-00-00 00:00:00', 0, '0000-00-00 00:00:00', 5, '{"link_type":"","link_menu":"109","link_url":"","link_article":"","link_target":""}');

-- --------------------------------------------------------

--
-- Tabellstruktur `l3kop_extensions`
--

CREATE TABLE IF NOT EXISTS `l3kop_extensions` (
  `extension_id` int(11) NOT NULL AUTO_INCREMENT,
  `name` varchar(100) NOT NULL,
  `type` varchar(20) NOT NULL,
  `element` varchar(100) NOT NULL,
  `folder` varchar(100) NOT NULL,
  `client_id` tinyint(3) NOT NULL,
  `enabled` tinyint(3) NOT NULL DEFAULT '1',
  `access` int(10) unsigned NOT NULL DEFAULT '1',
  `protected` tinyint(3) NOT NULL DEFAULT '0',
  `manifest_cache` text NOT NULL,
  `params` text NOT NULL,
  `custom_data` text NOT NULL,
  `system_data` text NOT NULL,
  `checked_out` int(10) unsigned NOT NULL DEFAULT '0',
  `checked_out_time` datetime NOT NULL DEFAULT '0000-00-00 00:00:00',
  `ordering` int(11) DEFAULT '0',
  `state` int(11) DEFAULT '0',
  PRIMARY KEY (`extension_id`),
  KEY `element_clientid` (`element`,`client_id`),
  KEY `element_folder_clientid` (`element`,`folder`,`client_id`),
  KEY `extension` (`type`,`element`,`folder`,`client_id`)
) ENGINE=InnoDB  DEFAULT CHARSET=utf8 AUTO_INCREMENT=10010 ;

--
-- Dumpning av Data i tabell `l3kop_extensions`
--

INSERT INTO `l3kop_extensions` (`extension_id`, `name`, `type`, `element`, `folder`, `client_id`, `enabled`, `access`, `protected`, `manifest_cache`, `params`, `custom_data`, `system_data`, `checked_out`, `checked_out_time`, `ordering`, `state`) VALUES
(1, 'com_mailto', 'component', 'com_mailto', '', 0, 1, 1, 1, '{"legacy":false,"name":"com_mailto","type":"component","creationDate":"April 2006","author":"Joomla! Project","copyright":"(C) 2005 - 2012 Open Source Matters. All rights reserved.\\t","authorEmail":"admin@joomla.org","authorUrl":"www.joomla.org","version":"2.5.0","description":"COM_MAILTO_XML_DESCRIPTION","group":""}', '', '', '', 0, '0000-00-00 00:00:00', 0, 0),
(2, 'com_wrapper', 'component', 'com_wrapper', '', 0, 1, 1, 1, '{"legacy":false,"name":"com_wrapper","type":"component","creationDate":"April 2006","author":"Joomla! Project","copyright":"(C) 2005 - 2012 Open Source Matters. All rights reserved.\\n\\t","authorEmail":"admin@joomla.org","authorUrl":"www.joomla.org","version":"2.5.0","description":"COM_WRAPPER_XML_DESCRIPTION","group":""}', '', '', '', 0, '0000-00-00 00:00:00', 0, 0),
(3, 'com_admin', 'component', 'com_admin', '', 1, 1, 1, 1, '{"legacy":false,"name":"com_admin","type":"component","creationDate":"April 2006","author":"Joomla! Project","copyright":"(C) 2005 - 2012 Open Source Matters. All rights reserved.\\n\\t","authorEmail":"admin@joomla.org","authorUrl":"www.joomla.org","version":"2.5.0","description":"COM_ADMIN_XML_DESCRIPTION","group":""}', '', '', '', 0, '0000-00-00 00:00:00', 0, 0),
(4, 'com_banners', 'component', 'com_banners', '', 1, 1, 1, 0, '{"legacy":false,"name":"com_banners","type":"component","creationDate":"April 2006","author":"Joomla! Project","copyright":"(C) 2005 - 2012 Open Source Matters. All rights reserved.\\n\\t","authorEmail":"admin@joomla.org","authorUrl":"www.joomla.org","version":"2.5.0","description":"COM_BANNERS_XML_DESCRIPTION","group":""}', '{"purchase_type":"3","track_impressions":"0","track_clicks":"0","metakey_prefix":""}', '', '', 0, '0000-00-00 00:00:00', 0, 0),
(5, 'com_cache', 'component', 'com_cache', '', 1, 1, 1, 1, '{"legacy":false,"name":"com_cache","type":"component","creationDate":"April 2006","author":"Joomla! Project","copyright":"(C) 2005 - 2012 Open Source Matters. All rights reserved.\\t","authorEmail":"admin@joomla.org","authorUrl":"www.joomla.org","version":"2.5.0","description":"COM_CACHE_XML_DESCRIPTION","group":""}', '', '', '', 0, '0000-00-00 00:00:00', 0, 0),
(6, 'com_categories', 'component', 'com_categories', '', 1, 1, 1, 1, '{"legacy":false,"name":"com_categories","type":"component","creationDate":"December 2007","author":"Joomla! Project","copyright":"(C) 2005 - 2012 Open Source Matters. All rights reserved.","authorEmail":"admin@joomla.org","authorUrl":"www.joomla.org","version":"2.5.0","description":"COM_CATEGORIES_XML_DESCRIPTION","group":""}', '', '', '', 0, '0000-00-00 00:00:00', 0, 0),
(7, 'com_checkin', 'component', 'com_checkin', '', 1, 1, 1, 1, '{"legacy":false,"name":"com_checkin","type":"component","creationDate":"Unknown","author":"Joomla! Project","copyright":"(C) 2005 - 2008 Open Source Matters. All rights reserved.\\n\\t","authorEmail":"admin@joomla.org","authorUrl":"www.joomla.org","version":"2.5.0","description":"COM_CHECKIN_XML_DESCRIPTION","group":""}', '', '', '', 0, '0000-00-00 00:00:00', 0, 0),
(8, 'com_contact', 'component', 'com_contact', '', 1, 1, 1, 0, '{"legacy":false,"name":"com_contact","type":"component","creationDate":"April 2006","author":"Joomla! Project","copyright":"(C) 2005 - 2012 Open Source Matters. All rights reserved.\\n\\t","authorEmail":"admin@joomla.org","authorUrl":"www.joomla.org","version":"2.5.0","description":"COM_CONTACT_XML_DESCRIPTION","group":""}', '{"show_contact_category":"hide","show_contact_list":"0","presentation_style":"sliders","show_name":"1","show_position":"1","show_email":"0","show_street_address":"1","show_suburb":"1","show_state":"1","show_postcode":"1","show_country":"1","show_telephone":"1","show_mobile":"1","show_fax":"1","show_webpage":"1","show_misc":"1","show_image":"1","image":"","allow_vcard":"0","show_articles":"0","show_profile":"0","show_links":"0","linka_name":"","linkb_name":"","linkc_name":"","linkd_name":"","linke_name":"","contact_icons":"0","icon_address":"","icon_email":"","icon_telephone":"","icon_mobile":"","icon_fax":"","icon_misc":"","show_headings":"1","show_position_headings":"1","show_email_headings":"0","show_telephone_headings":"1","show_mobile_headings":"0","show_fax_headings":"0","allow_vcard_headings":"0","show_suburb_headings":"1","show_state_headings":"1","show_country_headings":"1","show_email_form":"1","show_email_copy":"1","banned_email":"","banned_subject":"","banned_text":"","validate_session":"1","custom_reply":"0","redirect":"","show_category_crumb":"0","metakey":"","metadesc":"","robots":"","author":"","rights":"","xreference":""}', '', '', 0, '0000-00-00 00:00:00', 0, 0),
(9, 'com_cpanel', 'component', 'com_cpanel', '', 1, 1, 1, 1, '{"legacy":false,"name":"com_cpanel","type":"component","creationDate":"April 2006","author":"Joomla! Project","copyright":"(C) 2005 - 2012 Open Source Matters. All rights reserved.","authorEmail":"admin@joomla.org","authorUrl":"www.joomla.org","version":"2.5.0","description":"COM_CPANEL_XML_DESCRIPTION","group":""}', '', '', '', 0, '0000-00-00 00:00:00', 0, 0),
(10, 'com_installer', 'component', 'com_installer', '', 1, 1, 1, 1, '{"legacy":false,"name":"com_installer","type":"component","creationDate":"April 2006","author":"Joomla! Project","copyright":"(C) 2005 - 2012 Open Source Matters. All rights reserved.\\t","authorEmail":"admin@joomla.org","authorUrl":"www.joomla.org","version":"2.5.0","description":"COM_INSTALLER_XML_DESCRIPTION","group":""}', '{}', '', '', 0, '0000-00-00 00:00:00', 0, 0),
(11, 'com_languages', 'component', 'com_languages', '', 1, 1, 1, 1, '{"legacy":false,"name":"com_languages","type":"component","creationDate":"2006","author":"Joomla! Project","copyright":"(C) 2005 - 2012 Open Source Matters. All rights reserved.\\n\\t","authorEmail":"admin@joomla.org","authorUrl":"www.joomla.org","version":"2.5.0","description":"COM_LANGUAGES_XML_DESCRIPTION","group":""}', '{"administrator":"en-GB","site":"en-GB"}', '', '', 0, '0000-00-00 00:00:00', 0, 0),
(12, 'com_login', 'component', 'com_login', '', 1, 1, 1, 1, '{"legacy":false,"name":"com_login","type":"component","creationDate":"April 2006","author":"Joomla! Project","copyright":"(C) 2005 - 2012 Open Source Matters. All rights reserved.\\t","authorEmail":"admin@joomla.org","authorUrl":"www.joomla.org","version":"2.5.0","description":"COM_LOGIN_XML_DESCRIPTION","group":""}', '', '', '', 0, '0000-00-00 00:00:00', 0, 0),
(13, 'com_media', 'component', 'com_media', '', 1, 1, 0, 1, '{"legacy":false,"name":"com_media","type":"component","creationDate":"April 2006","author":"Joomla! Project","copyright":"(C) 2005 - 2012 Open Source Matters. All rights reserved.\\t","authorEmail":"admin@joomla.org","authorUrl":"www.joomla.org","version":"2.5.0","description":"COM_MEDIA_XML_DESCRIPTION","group":""}', '{"upload_extensions":"bmp,csv,doc,gif,ico,jpg,jpeg,odg,odp,ods,odt,pdf,png,ppt,swf,txt,xcf,xls,BMP,CSV,DOC,GIF,ICO,JPG,JPEG,ODG,ODP,ODS,ODT,PDF,PNG,PPT,SWF,TXT,XCF,XLS","upload_maxsize":"10","file_path":"images","image_path":"images","restrict_uploads":"1","allowed_media_usergroup":"3","check_mime":"1","image_extensions":"bmp,gif,jpg,png","ignore_extensions":"","upload_mime":"image\\/jpeg,image\\/gif,image\\/png,image\\/bmp,application\\/x-shockwave-flash,application\\/msword,application\\/excel,application\\/pdf,application\\/powerpoint,text\\/plain,application\\/x-zip","upload_mime_illegal":"text\\/html","enable_flash":"0"}', '', '', 0, '0000-00-00 00:00:00', 0, 0),
(14, 'com_menus', 'component', 'com_menus', '', 1, 1, 1, 1, '{"legacy":false,"name":"com_menus","type":"component","creationDate":"April 2006","author":"Joomla! Project","copyright":"(C) 2005 - 2012 Open Source Matters. All rights reserved.\\t","authorEmail":"admin@joomla.org","authorUrl":"www.joomla.org","version":"2.5.0","description":"COM_MENUS_XML_DESCRIPTION","group":""}', '{}', '', '', 0, '0000-00-00 00:00:00', 0, 0),
(15, 'com_messages', 'component', 'com_messages', '', 1, 1, 1, 1, '{"legacy":false,"name":"com_messages","type":"component","creationDate":"April 2006","author":"Joomla! Project","copyright":"(C) 2005 - 2012 Open Source Matters. All rights reserved.\\t","authorEmail":"admin@joomla.org","authorUrl":"www.joomla.org","version":"2.5.0","description":"COM_MESSAGES_XML_DESCRIPTION","group":""}', '', '', '', 0, '0000-00-00 00:00:00', 0, 0),
(16, 'com_modules', 'component', 'com_modules', '', 1, 1, 1, 1, '{"legacy":false,"name":"com_modules","type":"component","creationDate":"April 2006","author":"Joomla! Project","copyright":"(C) 2005 - 2012 Open Source Matters. All rights reserved.\\t","authorEmail":"admin@joomla.org","authorUrl":"www.joomla.org","version":"2.5.0","description":"COM_MODULES_XML_DESCRIPTION","group":""}', '{}', '', '', 0, '0000-00-00 00:00:00', 0, 0),
(17, 'com_newsfeeds', 'component', 'com_newsfeeds', '', 1, 1, 1, 0, '{"legacy":false,"name":"com_newsfeeds","type":"component","creationDate":"April 2006","author":"Joomla! Project","copyright":"(C) 2005 - 2012 Open Source Matters. All rights reserved.\\t","authorEmail":"admin@joomla.org","authorUrl":"www.joomla.org","version":"2.5.0","description":"COM_NEWSFEEDS_XML_DESCRIPTION","group":""}', '{"show_feed_image":"1","show_feed_description":"1","show_item_description":"1","feed_word_count":"0","show_headings":"1","show_name":"1","show_articles":"0","show_link":"1","show_description":"1","show_description_image":"1","display_num":"","show_pagination_limit":"1","show_pagination":"1","show_pagination_results":"1","show_cat_items":"1"}', '', '', 0, '0000-00-00 00:00:00', 0, 0),
(18, 'com_plugins', 'component', 'com_plugins', '', 1, 1, 1, 1, '{"legacy":false,"name":"com_plugins","type":"component","creationDate":"April 2006","author":"Joomla! Project","copyright":"(C) 2005 - 2012 Open Source Matters. All rights reserved.\\t","authorEmail":"admin@joomla.org","authorUrl":"www.joomla.org","version":"2.5.0","description":"COM_PLUGINS_XML_DESCRIPTION","group":""}', '{}', '', '', 0, '0000-00-00 00:00:00', 0, 0),
(19, 'com_search', 'component', 'com_search', '', 1, 1, 1, 1, '{"legacy":false,"name":"com_search","type":"component","creationDate":"April 2006","author":"Joomla! Project","copyright":"(C) 2005 - 2012 Open Source Matters. All rights reserved.\\n\\t","authorEmail":"admin@joomla.org","authorUrl":"www.joomla.org","version":"2.5.0","description":"COM_SEARCH_XML_DESCRIPTION","group":""}', '{"enabled":"0","show_date":"1"}', '', '', 0, '0000-00-00 00:00:00', 0, 0),
(20, 'com_templates', 'component', 'com_templates', '', 1, 1, 1, 1, '{"legacy":false,"name":"com_templates","type":"component","creationDate":"April 2006","author":"Joomla! Project","copyright":"(C) 2005 - 2012 Open Source Matters. All rights reserved.\\t","authorEmail":"admin@joomla.org","authorUrl":"www.joomla.org","version":"2.5.0","description":"COM_TEMPLATES_XML_DESCRIPTION","group":""}', '{}', '', '', 0, '0000-00-00 00:00:00', 0, 0),
(21, 'com_weblinks', 'component', 'com_weblinks', '', 1, 1, 1, 0, '{"legacy":false,"name":"com_weblinks","type":"component","creationDate":"April 2006","author":"Joomla! Project","copyright":"(C) 2005 - 2012 Open Source Matters. All rights reserved.\\n\\t","authorEmail":"admin@joomla.org","authorUrl":"www.joomla.org","version":"2.5.0","description":"COM_WEBLINKS_XML_DESCRIPTION","group":""}', '{"show_comp_description":"1","comp_description":"","show_link_hits":"1","show_link_description":"1","show_other_cats":"0","show_headings":"0","show_numbers":"0","show_report":"1","count_clicks":"1","target":"0","link_icons":""}', '', '', 0, '0000-00-00 00:00:00', 0, 0),
(22, 'com_content', 'component', 'com_content', '', 1, 1, 0, 1, '{"legacy":false,"name":"com_content","type":"component","creationDate":"April 2006","author":"Joomla! Project","copyright":"(C) 2005 - 2012 Open Source Matters. All rights reserved.\\t","authorEmail":"admin@joomla.org","authorUrl":"www.joomla.org","version":"2.5.0","description":"COM_CONTENT_XML_DESCRIPTION","group":""}', '{"article_layout":"_:default","show_title":"1","link_titles":"0","show_intro":"0","show_category":"0","link_category":"0","show_parent_category":"0","link_parent_category":"0","show_author":"0","link_author":"0","show_create_date":"0","show_modify_date":"0","show_publish_date":"0","show_item_navigation":"0","show_vote":"0","show_readmore":"1","show_readmore_title":"0","readmore_limit":"100","show_icons":"0","show_print_icon":"0","show_email_icon":"0","show_hits":"0","show_noauth":"0","urls_position":"0","show_publishing_options":"1","show_article_options":"1","show_urls_images_frontend":"0","show_urls_images_backend":"1","targeta":0,"targetb":0,"targetc":0,"float_intro":"left","float_fulltext":"left","category_layout":"_:blog","show_category_title":"0","show_description":"0","show_description_image":"0","maxLevel":"1","show_empty_categories":"0","show_no_articles":"1","show_subcat_desc":"1","show_cat_num_articles":"0","show_base_description":"1","maxLevelcat":"-1","show_empty_categories_cat":"0","show_subcat_desc_cat":"1","show_cat_num_articles_cat":"1","num_leading_articles":"1","num_intro_articles":"4","num_columns":"2","num_links":"4","multi_column_order":"0","show_subcategory_content":"0","show_pagination_limit":"1","filter_field":"hide","show_headings":"1","list_show_date":"0","date_format":"","list_show_hits":"1","list_show_author":"1","orderby_pri":"order","orderby_sec":"rdate","order_date":"published","show_pagination":"2","show_pagination_results":"1","show_feed_link":"1","feed_summary":"0","feed_show_readmore":"0"}', '', '', 0, '0000-00-00 00:00:00', 0, 0),
(23, 'com_config', 'component', 'com_config', '', 1, 1, 0, 1, '{"legacy":false,"name":"com_config","type":"component","creationDate":"April 2006","author":"Joomla! Project","copyright":"(C) 2005 - 2012 Open Source Matters. All rights reserved.\\t","authorEmail":"admin@joomla.org","authorUrl":"www.joomla.org","version":"2.5.0","description":"COM_CONFIG_XML_DESCRIPTION","group":""}', '{"filters":{"1":{"filter_type":"NH","filter_tags":"","filter_attributes":""},"6":{"filter_type":"BL","filter_tags":"","filter_attributes":""},"7":{"filter_type":"NONE","filter_tags":"","filter_attributes":""},"2":{"filter_type":"NH","filter_tags":"","filter_attributes":""},"3":{"filter_type":"BL","filter_tags":"","filter_attributes":""},"4":{"filter_type":"BL","filter_tags":"","filter_attributes":""},"5":{"filter_type":"BL","filter_tags":"","filter_attributes":""},"8":{"filter_type":"NONE","filter_tags":"","filter_attributes":""}}}', '', '', 0, '0000-00-00 00:00:00', 0, 0),
(24, 'com_redirect', 'component', 'com_redirect', '', 1, 1, 0, 1, '{"legacy":false,"name":"com_redirect","type":"component","creationDate":"April 2006","author":"Joomla! Project","copyright":"(C) 2005 - 2012 Open Source Matters. All rights reserved.\\t","authorEmail":"admin@joomla.org","authorUrl":"www.joomla.org","version":"2.5.0","description":"COM_REDIRECT_XML_DESCRIPTION","group":""}', '{}', '', '', 0, '0000-00-00 00:00:00', 0, 0),
(25, 'com_users', 'component', 'com_users', '', 1, 1, 0, 1, '{"legacy":false,"name":"com_users","type":"component","creationDate":"April 2006","author":"Joomla! Project","copyright":"(C) 2005 - 2012 Open Source Matters. All rights reserved.\\t","authorEmail":"admin@joomla.org","authorUrl":"www.joomla.org","version":"2.5.0","description":"COM_USERS_XML_DESCRIPTION","group":""}', '{"allowUserRegistration":"1","new_usertype":"2","useractivation":"1","frontend_userparams":"1","mailSubjectPrefix":"","mailBodySuffix":""}', '', '', 0, '0000-00-00 00:00:00', 0, 0),
(27, 'com_finder', 'component', 'com_finder', '', 1, 1, 0, 0, '{"legacy":false,"name":"com_finder","type":"component","creationDate":"August 2011","author":"Joomla! Project","copyright":"(C) 2005 - 2012 Open Source Matters. All rights reserved.","authorEmail":"admin@joomla.org","authorUrl":"www.joomla.org","version":"2.5.0","description":"COM_FINDER_XML_DESCRIPTION","group":""}', '{"show_description":"1","description_length":255,"allow_empty_query":"0","show_url":"1","show_advanced":"1","expand_advanced":"0","show_date_filters":"0","highlight_terms":"1","opensearch_name":"","opensearch_description":"","batch_size":"50","memory_table_limit":30000,"title_multiplier":"1.7","text_multiplier":"0.7","meta_multiplier":"1.2","path_multiplier":"2.0","misc_multiplier":"0.3","stemmer":"snowball"}', '', '', 0, '0000-00-00 00:00:00', 0, 0),
(28, 'com_joomlaupdate', 'component', 'com_joomlaupdate', '', 1, 1, 0, 1, '{"legacy":false,"name":"com_joomlaupdate","type":"component","creationDate":"February 2012","author":"Joomla! Project","copyright":"(C) 2005 - 2012 Open Source Matters. All rights reserved.\\t","authorEmail":"admin@joomla.org","authorUrl":"www.joomla.org","version":"2.5.0","description":"COM_JOOMLAUPDATE_XML_DESCRIPTION","group":""}', '{}', '', '', 0, '0000-00-00 00:00:00', 0, 0),
(100, 'PHPMailer', 'library', 'phpmailer', '', 0, 1, 1, 1, '{"legacy":false,"name":"PHPMailer","type":"library","creationDate":"2001","author":"PHPMailer","copyright":"(c) 2001-2003, Brent R. Matzelle, (c) 2004-2009, Andy Prevost. All Rights Reserved., (c) 2010-2011, Jim Jagielski. All Rights Reserved.","authorEmail":"jimjag@gmail.com","authorUrl":"https:\\/\\/code.google.com\\/a\\/apache-extras.org\\/p\\/phpmailer\\/","version":"5.2","description":"LIB_PHPMAILER_XML_DESCRIPTION","group":""}', '', '', '', 0, '0000-00-00 00:00:00', 0, 0),
(101, 'SimplePie', 'library', 'simplepie', '', 0, 1, 1, 1, '{"legacy":false,"name":"SimplePie","type":"library","creationDate":"2004","author":"SimplePie","copyright":"Copyright (c) 2004-2009, Ryan Parman and Geoffrey Sneddon","authorEmail":"","authorUrl":"http:\\/\\/simplepie.org\\/","version":"1.2","description":"LIB_SIMPLEPIE_XML_DESCRIPTION","group":""}', '', '', '', 0, '0000-00-00 00:00:00', 0, 0),
(102, 'phputf8', 'library', 'phputf8', '', 0, 1, 1, 1, '{"legacy":false,"name":"phputf8","type":"library","creationDate":"2006","author":"Harry Fuecks","copyright":"Copyright various authors","authorEmail":"hfuecks@gmail.com","authorUrl":"http:\\/\\/sourceforge.net\\/projects\\/phputf8","version":"0.5","description":"LIB_PHPUTF8_XML_DESCRIPTION","group":""}', '', '', '', 0, '0000-00-00 00:00:00', 0, 0),
(103, 'Joomla! Platform', 'library', 'joomla', '', 0, 1, 1, 1, '{"legacy":false,"name":"Joomla! Platform","type":"library","creationDate":"2008","author":"Joomla! Project","copyright":"Copyright (C) 2005 - 2012 Open Source Matters. All rights reserved.","authorEmail":"admin@joomla.org","authorUrl":"http:\\/\\/www.joomla.org","version":"11.4","description":"LIB_JOOMLA_XML_DESCRIPTION","group":""}', '{}', '', '', 0, '0000-00-00 00:00:00', 0, 0),
(200, 'mod_articles_archive', 'module', 'mod_articles_archive', '', 0, 1, 1, 1, '{"legacy":false,"name":"mod_articles_archive","type":"module","creationDate":"July 2006","author":"Joomla! Project","copyright":"Copyright (C) 2005 - 2012 Open Source Matters.\\n\\t\\tAll rights reserved.","authorEmail":"admin@joomla.org","authorUrl":"www.joomla.org","version":"2.5.0","description":"MOD_ARTICLES_ARCHIVE_XML_DESCRIPTION","group":""}', '', '', '', 0, '0000-00-00 00:00:00', 0, 0),
(201, 'mod_articles_latest', 'module', 'mod_articles_latest', '', 0, 1, 1, 1, '{"legacy":false,"name":"mod_articles_latest","type":"module","creationDate":"July 2004","author":"Joomla! Project","copyright":"Copyright (C) 2005 - 2012 Open Source Matters. All rights reserved.","authorEmail":"admin@joomla.org","authorUrl":"www.joomla.org","version":"2.5.0","description":"MOD_LATEST_NEWS_XML_DESCRIPTION","group":""}', '', '', '', 0, '0000-00-00 00:00:00', 0, 0),
(202, 'mod_articles_popular', 'module', 'mod_articles_popular', '', 0, 1, 1, 0, '{"legacy":false,"name":"mod_articles_popular","type":"module","creationDate":"July 2006","author":"Joomla! Project","copyright":"Copyright (C) 2005 - 2012 Open Source Matters. All rights reserved.","authorEmail":"admin@joomla.org","authorUrl":"www.joomla.org","version":"2.5.0","description":"MOD_POPULAR_XML_DESCRIPTION","group":""}', '', '', '', 0, '0000-00-00 00:00:00', 0, 0),
(203, 'mod_banners', 'module', 'mod_banners', '', 0, 1, 1, 1, '{"legacy":false,"name":"mod_banners","type":"module","creationDate":"July 2006","author":"Joomla! Project","copyright":"Copyright (C) 2005 - 2012 Open Source Matters. All rights reserved.","authorEmail":"admin@joomla.org","authorUrl":"www.joomla.org","version":"2.5.0","description":"MOD_BANNERS_XML_DESCRIPTION","group":""}', '', '', '', 0, '0000-00-00 00:00:00', 0, 0),
(204, 'mod_breadcrumbs', 'module', 'mod_breadcrumbs', '', 0, 1, 1, 1, '{"legacy":false,"name":"mod_breadcrumbs","type":"module","creationDate":"July 2006","author":"Joomla! Project","copyright":"Copyright (C) 2005 - 2012 Open Source Matters. All rights reserved.","authorEmail":"admin@joomla.org","authorUrl":"www.joomla.org","version":"2.5.0","description":"MOD_BREADCRUMBS_XML_DESCRIPTION","group":""}', '', '', '', 0, '0000-00-00 00:00:00', 0, 0),
(205, 'mod_custom', 'module', 'mod_custom', '', 0, 1, 1, 1, '{"legacy":false,"name":"mod_custom","type":"module","creationDate":"July 2004","author":"Joomla! Project","copyright":"Copyright (C) 2005 - 2012 Open Source Matters. All rights reserved.","authorEmail":"admin@joomla.org","authorUrl":"www.joomla.org","version":"2.5.0","description":"MOD_CUSTOM_XML_DESCRIPTION","group":""}', '', '', '', 0, '0000-00-00 00:00:00', 0, 0),
(206, 'mod_feed', 'module', 'mod_feed', '', 0, 1, 1, 1, '{"legacy":false,"name":"mod_feed","type":"module","creationDate":"July 2005","author":"Joomla! Project","copyright":"Copyright (C) 2005 - 2012 Open Source Matters. All rights reserved.","authorEmail":"admin@joomla.org","authorUrl":"www.joomla.org","version":"2.5.0","description":"MOD_FEED_XML_DESCRIPTION","group":""}', '', '', '', 0, '0000-00-00 00:00:00', 0, 0),
(207, 'mod_footer', 'module', 'mod_footer', '', 0, 1, 1, 1, '{"legacy":false,"name":"mod_footer","type":"module","creationDate":"July 2006","author":"Joomla! Project","copyright":"Copyright (C) 2005 - 2012 Open Source Matters. All rights reserved.","authorEmail":"admin@joomla.org","authorUrl":"www.joomla.org","version":"2.5.0","description":"MOD_FOOTER_XML_DESCRIPTION","group":""}', '', '', '', 0, '0000-00-00 00:00:00', 0, 0),
(208, 'mod_login', 'module', 'mod_login', '', 0, 1, 1, 1, '{"legacy":false,"name":"mod_login","type":"module","creationDate":"July 2006","author":"Joomla! Project","copyright":"Copyright (C) 2005 - 2012 Open Source Matters. All rights reserved.","authorEmail":"admin@joomla.org","authorUrl":"www.joomla.org","version":"2.5.0","description":"MOD_LOGIN_XML_DESCRIPTION","group":""}', '', '', '', 0, '0000-00-00 00:00:00', 0, 0),
(209, 'mod_menu', 'module', 'mod_menu', '', 0, 1, 1, 1, '{"legacy":false,"name":"mod_menu","type":"module","creationDate":"July 2004","author":"Joomla! Project","copyright":"Copyright (C) 2005 - 2012 Open Source Matters. All rights reserved.","authorEmail":"admin@joomla.org","authorUrl":"www.joomla.org","version":"2.5.0","description":"MOD_MENU_XML_DESCRIPTION","group":""}', '', '', '', 0, '0000-00-00 00:00:00', 0, 0),
(210, 'mod_articles_news', 'module', 'mod_articles_news', '', 0, 1, 1, 0, '{"legacy":false,"name":"mod_articles_news","type":"module","creationDate":"July 2006","author":"Joomla! Project","copyright":"Copyright (C) 2005 - 2012 Open Source Matters. All rights reserved.","authorEmail":"admin@joomla.org","authorUrl":"www.joomla.org","version":"2.5.0","description":"MOD_ARTICLES_NEWS_XML_DESCRIPTION","group":""}', '', '', '', 0, '0000-00-00 00:00:00', 0, 0),
(211, 'mod_random_image', 'module', 'mod_random_image', '', 0, 1, 1, 0, '{"legacy":false,"name":"mod_random_image","type":"module","creationDate":"July 2006","author":"Joomla! Project","copyright":"Copyright (C) 2005 - 2012 Open Source Matters. All rights reserved.","authorEmail":"admin@joomla.org","authorUrl":"www.joomla.org","version":"2.5.0","description":"MOD_RANDOM_IMAGE_XML_DESCRIPTION","group":""}', '', '', '', 0, '0000-00-00 00:00:00', 0, 0),
(212, 'mod_related_items', 'module', 'mod_related_items', '', 0, 1, 1, 0, '{"legacy":false,"name":"mod_related_items","type":"module","creationDate":"July 2004","author":"Joomla! Project","copyright":"Copyright (C) 2005 - 2012 Open Source Matters. All rights reserved.","authorEmail":"admin@joomla.org","authorUrl":"www.joomla.org","version":"2.5.0","description":"MOD_RELATED_XML_DESCRIPTION","group":""}', '', '', '', 0, '0000-00-00 00:00:00', 0, 0),
(213, 'mod_search', 'module', 'mod_search', '', 0, 1, 1, 0, '{"legacy":false,"name":"mod_search","type":"module","creationDate":"July 2004","author":"Joomla! Project","copyright":"Copyright (C) 2005 - 2012 Open Source Matters. All rights reserved.","authorEmail":"admin@joomla.org","authorUrl":"www.joomla.org","version":"2.5.0","description":"MOD_SEARCH_XML_DESCRIPTION","group":""}', '', '', '', 0, '0000-00-00 00:00:00', 0, 0),
(214, 'mod_stats', 'module', 'mod_stats', '', 0, 1, 1, 0, '{"legacy":false,"name":"mod_stats","type":"module","creationDate":"July 2004","author":"Joomla! Project","copyright":"Copyright (C) 2005 - 2012 Open Source Matters. All rights reserved.","authorEmail":"admin@joomla.org","authorUrl":"www.joomla.org","version":"2.5.0","description":"MOD_STATS_XML_DESCRIPTION","group":""}', '', '', '', 0, '0000-00-00 00:00:00', 0, 0),
(215, 'mod_syndicate', 'module', 'mod_syndicate', '', 0, 1, 1, 1, '{"legacy":false,"name":"mod_syndicate","type":"module","creationDate":"May 2006","author":"Joomla! Project","copyright":"Copyright (C) 2005 - 2012 Open Source Matters. All rights reserved.","authorEmail":"admin@joomla.org","authorUrl":"www.joomla.org","version":"2.5.0","description":"MOD_SYNDICATE_XML_DESCRIPTION","group":""}', '', '', '', 0, '0000-00-00 00:00:00', 0, 0),
(216, 'mod_users_latest', 'module', 'mod_users_latest', '', 0, 1, 1, 1, '{"legacy":false,"name":"mod_users_latest","type":"module","creationDate":"December 2009","author":"Joomla! Project","copyright":"Copyright (C) 2005 - 2012 Open Source Matters. All rights reserved.","authorEmail":"admin@joomla.org","authorUrl":"www.joomla.org","version":"2.5.0","description":"MOD_USERS_LATEST_XML_DESCRIPTION","group":""}', '', '', '', 0, '0000-00-00 00:00:00', 0, 0),
(217, 'mod_weblinks', 'module', 'mod_weblinks', '', 0, 1, 1, 0, '{"legacy":false,"name":"mod_weblinks","type":"module","creationDate":"July 2009","author":"Joomla! Project","copyright":"Copyright (C) 2005 - 2012 Open Source Matters. All rights reserved.","authorEmail":"admin@joomla.org","authorUrl":"www.joomla.org","version":"2.5.0","description":"MOD_WEBLINKS_XML_DESCRIPTION","group":""}', '', '', '', 0, '0000-00-00 00:00:00', 0, 0),
(218, 'mod_whosonline', 'module', 'mod_whosonline', '', 0, 1, 1, 0, '{"legacy":false,"name":"mod_whosonline","type":"module","creationDate":"July 2004","author":"Joomla! Project","copyright":"Copyright (C) 2005 - 2012 Open Source Matters. All rights reserved.","authorEmail":"admin@joomla.org","authorUrl":"www.joomla.org","version":"2.5.0","description":"MOD_WHOSONLINE_XML_DESCRIPTION","group":""}', '', '', '', 0, '0000-00-00 00:00:00', 0, 0),
(219, 'mod_wrapper', 'module', 'mod_wrapper', '', 0, 1, 1, 0, '{"legacy":false,"name":"mod_wrapper","type":"module","creationDate":"October 2004","author":"Joomla! Project","copyright":"Copyright (C) 2005 - 2012 Open Source Matters. All rights reserved.","authorEmail":"admin@joomla.org","authorUrl":"www.joomla.org","version":"2.5.0","description":"MOD_WRAPPER_XML_DESCRIPTION","group":""}', '', '', '', 0, '0000-00-00 00:00:00', 0, 0),
(220, 'mod_articles_category', 'module', 'mod_articles_category', '', 0, 1, 1, 1, '{"legacy":false,"name":"mod_articles_category","type":"module","creationDate":"February 2010","author":"Joomla! Project","copyright":"Copyright (C) 2005 - 2012 Open Source Matters. All rights reserved.","authorEmail":"admin@joomla.org","authorUrl":"www.joomla.org","version":"2.5.0","description":"MOD_ARTICLES_CATEGORY_XML_DESCRIPTION","group":""}', '', '', '', 0, '0000-00-00 00:00:00', 0, 0),
(221, 'mod_articles_categories', 'module', 'mod_articles_categories', '', 0, 1, 1, 1, '{"legacy":false,"name":"mod_articles_categories","type":"module","creationDate":"February 2010","author":"Joomla! Project","copyright":"Copyright (C) 2005 - 2012 Open Source Matters. All rights reserved.","authorEmail":"admin@joomla.org","authorUrl":"www.joomla.org","version":"2.5.0","description":"MOD_ARTICLES_CATEGORIES_XML_DESCRIPTION","group":""}', '', '', '', 0, '0000-00-00 00:00:00', 0, 0),
(222, 'mod_languages', 'module', 'mod_languages', '', 0, 1, 1, 1, '{"legacy":false,"name":"mod_languages","type":"module","creationDate":"February 2010","author":"Joomla! Project","copyright":"Copyright (C) 2005 - 2012 Open Source Matters. All rights reserved.","authorEmail":"admin@joomla.org","authorUrl":"www.joomla.org","version":"2.5.0","description":"MOD_LANGUAGES_XML_DESCRIPTION","group":""}', '', '', '', 0, '0000-00-00 00:00:00', 0, 0),
(223, 'mod_finder', 'module', 'mod_finder', '', 0, 1, 0, 0, '{"legacy":false,"name":"mod_finder","type":"module","creationDate":"August 2011","author":"Joomla! Project","copyright":"(C) 2005 - 2012 Open Source Matters. All rights reserved.","authorEmail":"admin@joomla.org","authorUrl":"www.joomla.org","version":"2.5.0","description":"MOD_FINDER_XML_DESCRIPTION","group":""}', '', '', '', 0, '0000-00-00 00:00:00', 0, 0),
(300, 'mod_custom', 'module', 'mod_custom', '', 1, 1, 1, 1, '{"legacy":false,"name":"mod_custom","type":"module","creationDate":"July 2004","author":"Joomla! Project","copyright":"Copyright (C) 2005 - 2012 Open Source Matters. All rights reserved.","authorEmail":"admin@joomla.org","authorUrl":"www.joomla.org","version":"2.5.0","description":"MOD_CUSTOM_XML_DESCRIPTION","group":""}', '', '', '', 0, '0000-00-00 00:00:00', 0, 0),
(301, 'mod_feed', 'module', 'mod_feed', '', 1, 1, 1, 0, '{"legacy":false,"name":"mod_feed","type":"module","creationDate":"July 2005","author":"Joomla! Project","copyright":"Copyright (C) 2005 - 2012 Open Source Matters. All rights reserved.","authorEmail":"admin@joomla.org","authorUrl":"www.joomla.org","version":"2.5.0","description":"MOD_FEED_XML_DESCRIPTION","group":""}', '', '', '', 0, '0000-00-00 00:00:00', 0, 0),
(302, 'mod_latest', 'module', 'mod_latest', '', 1, 1, 1, 0, '{"legacy":false,"name":"mod_latest","type":"module","creationDate":"July 2004","author":"Joomla! Project","copyright":"Copyright (C) 2005 - 2012 Open Source Matters. All rights reserved.","authorEmail":"admin@joomla.org","authorUrl":"www.joomla.org","version":"2.5.0","description":"MOD_LATEST_XML_DESCRIPTION","group":""}', '', '', '', 0, '0000-00-00 00:00:00', 0, 0),
(303, 'mod_logged', 'module', 'mod_logged', '', 1, 1, 1, 0, '{"legacy":false,"name":"mod_logged","type":"module","creationDate":"January 2005","author":"Joomla! Project","copyright":"Copyright (C) 2005 - 2012 Open Source Matters. All rights reserved.","authorEmail":"admin@joomla.org","authorUrl":"www.joomla.org","version":"2.5.0","description":"MOD_LOGGED_XML_DESCRIPTION","group":""}', '', '', '', 0, '0000-00-00 00:00:00', 0, 0),
(304, 'mod_login', 'module', 'mod_login', '', 1, 1, 1, 1, '{"legacy":false,"name":"mod_login","type":"module","creationDate":"March 2005","author":"Joomla! Project","copyright":"Copyright (C) 2005 - 2012 Open Source Matters. All rights reserved.","authorEmail":"admin@joomla.org","authorUrl":"www.joomla.org","version":"2.5.0","description":"MOD_LOGIN_XML_DESCRIPTION","group":""}', '', '', '', 0, '0000-00-00 00:00:00', 0, 0),
(305, 'mod_menu', 'module', 'mod_menu', '', 1, 1, 1, 0, '{"legacy":false,"name":"mod_menu","type":"module","creationDate":"March 2006","author":"Joomla! Project","copyright":"Copyright (C) 2005 - 2012 Open Source Matters. All rights reserved.","authorEmail":"admin@joomla.org","authorUrl":"www.joomla.org","version":"2.5.0","description":"MOD_MENU_XML_DESCRIPTION","group":""}', '', '', '', 0, '0000-00-00 00:00:00', 0, 0),
(307, 'mod_popular', 'module', 'mod_popular', '', 1, 1, 1, 0, '{"legacy":false,"name":"mod_popular","type":"module","creationDate":"July 2004","author":"Joomla! Project","copyright":"Copyright (C) 2005 - 2012 Open Source Matters. All rights reserved.","authorEmail":"admin@joomla.org","authorUrl":"www.joomla.org","version":"2.5.0","description":"MOD_POPULAR_XML_DESCRIPTION","group":""}', '', '', '', 0, '0000-00-00 00:00:00', 0, 0),
(308, 'mod_quickicon', 'module', 'mod_quickicon', '', 1, 1, 1, 1, '{"legacy":false,"name":"mod_quickicon","type":"module","creationDate":"Nov 2005","author":"Joomla! Project","copyright":"Copyright (C) 2005 - 2012 Open Source Matters. All rights reserved.","authorEmail":"admin@joomla.org","authorUrl":"www.joomla.org","version":"2.5.0","description":"MOD_QUICKICON_XML_DESCRIPTION","group":""}', '', '', '', 0, '0000-00-00 00:00:00', 0, 0),
(309, 'mod_status', 'module', 'mod_status', '', 1, 1, 1, 0, '{"legacy":false,"name":"mod_status","type":"module","creationDate":"Feb 2006","author":"Joomla! Project","copyright":"(C) 2005 - 2012 Open Source Matters. All rights reserved.","authorEmail":"admin@joomla.org","authorUrl":"www.joomla.org","version":"2.5.0","description":"MOD_STATUS_XML_DESCRIPTION","group":""}', '', '', '', 0, '0000-00-00 00:00:00', 0, 0),
(310, 'mod_submenu', 'module', 'mod_submenu', '', 1, 1, 1, 0, '{"legacy":false,"name":"mod_submenu","type":"module","creationDate":"Feb 2006","author":"Joomla! Project","copyright":"Copyright (C) 2005 - 2012 Open Source Matters. All rights reserved.","authorEmail":"admin@joomla.org","authorUrl":"www.joomla.org","version":"2.5.0","description":"MOD_SUBMENU_XML_DESCRIPTION","group":""}', '', '', '', 0, '0000-00-00 00:00:00', 0, 0),
(311, 'mod_title', 'module', 'mod_title', '', 1, 1, 1, 0, '{"legacy":false,"name":"mod_title","type":"module","creationDate":"Nov 2005","author":"Joomla! Project","copyright":"Copyright (C) 2005 - 2012 Open Source Matters. All rights reserved.","authorEmail":"admin@joomla.org","authorUrl":"www.joomla.org","version":"2.5.0","description":"MOD_TITLE_XML_DESCRIPTION","group":""}', '', '', '', 0, '0000-00-00 00:00:00', 0, 0),
(312, 'mod_toolbar', 'module', 'mod_toolbar', '', 1, 1, 1, 1, '{"legacy":false,"name":"mod_toolbar","type":"module","creationDate":"Nov 2005","author":"Joomla! Project","copyright":"Copyright (C) 2005 - 2012 Open Source Matters. All rights reserved.","authorEmail":"admin@joomla.org","authorUrl":"www.joomla.org","version":"2.5.0","description":"MOD_TOOLBAR_XML_DESCRIPTION","group":""}', '', '', '', 0, '0000-00-00 00:00:00', 0, 0),
(313, 'mod_multilangstatus', 'module', 'mod_multilangstatus', '', 1, 1, 1, 0, '{"legacy":false,"name":"mod_multilangstatus","type":"module","creationDate":"September 2011","author":"Joomla! Project","copyright":"Copyright (C) 2005 - 2012 Open Source Matters. All rights reserved.","authorEmail":"admin@joomla.org","authorUrl":"www.joomla.org","version":"2.5.0","description":"MOD_MULTILANGSTATUS_XML_DESCRIPTION","group":""}', '{"cache":"0"}', '', '', 0, '0000-00-00 00:00:00', 0, 0),
(314, 'mod_version', 'module', 'mod_version', '', 1, 1, 1, 0, '{"legacy":false,"name":"mod_version","type":"module","creationDate":"January 2012","author":"Joomla! Project","copyright":"Copyright (C) 2005 - 2012 Open Source Matters. All rights reserved.","authorEmail":"admin@joomla.org","authorUrl":"www.joomla.org","version":"2.5.0","description":"MOD_VERSION_XML_DESCRIPTION","group":""}', '{"format":"short","product":"1","cache":"0"}', '', '', 0, '0000-00-00 00:00:00', 0, 0),
(400, 'plg_authentication_gmail', 'plugin', 'gmail', 'authentication', 0, 0, 1, 0, '{"legacy":false,"name":"plg_authentication_gmail","type":"plugin","creationDate":"February 2006","author":"Joomla! Project","copyright":"Copyright (C) 2005 - 2012 Open Source Matters. All rights reserved.","authorEmail":"admin@joomla.org","authorUrl":"www.joomla.org","version":"2.5.0","description":"PLG_GMAIL_XML_DESCRIPTION","group":""}', '{"applysuffix":"0","suffix":"","verifypeer":"1","user_blacklist":""}', '', '', 0, '0000-00-00 00:00:00', 1, 0),
(401, 'plg_authentication_joomla', 'plugin', 'joomla', 'authentication', 0, 1, 1, 1, '{"legacy":false,"name":"plg_authentication_joomla","type":"plugin","creationDate":"November 2005","author":"Joomla! Project","copyright":"Copyright (C) 2005 - 2012 Open Source Matters. All rights reserved.","authorEmail":"admin@joomla.org","authorUrl":"www.joomla.org","version":"2.5.0","description":"PLG_AUTH_JOOMLA_XML_DESCRIPTION","group":""}', '{}', '', '', 0, '0000-00-00 00:00:00', 0, 0),
(402, 'plg_authentication_ldap', 'plugin', 'ldap', 'authentication', 0, 0, 1, 0, '{"legacy":false,"name":"plg_authentication_ldap","type":"plugin","creationDate":"November 2005","author":"Joomla! Project","copyright":"Copyright (C) 2005 - 2012 Open Source Matters. All rights reserved.","authorEmail":"admin@joomla.org","authorUrl":"www.joomla.org","version":"2.5.0","description":"PLG_LDAP_XML_DESCRIPTION","group":""}', '{"host":"","port":"389","use_ldapV3":"0","negotiate_tls":"0","no_referrals":"0","auth_method":"bind","base_dn":"","search_string":"","users_dn":"","username":"admin","password":"bobby7","ldap_fullname":"fullName","ldap_email":"mail","ldap_uid":"uid"}', '', '', 0, '0000-00-00 00:00:00', 3, 0),
(404, 'plg_content_emailcloak', 'plugin', 'emailcloak', 'content', 0, 1, 1, 0, '{"legacy":false,"name":"plg_content_emailcloak","type":"plugin","creationDate":"November 2005","author":"Joomla! Project","copyright":"Copyright (C) 2005 - 2012 Open Source Matters. All rights reserved.","authorEmail":"admin@joomla.org","authorUrl":"www.joomla.org","version":"2.5.0","description":"PLG_CONTENT_EMAILCLOAK_XML_DESCRIPTION","group":""}', '{"mode":"1"}', '', '', 0, '0000-00-00 00:00:00', 1, 0),
(405, 'plg_content_geshi', 'plugin', 'geshi', 'content', 0, 0, 1, 0, '{"legacy":false,"name":"plg_content_geshi","type":"plugin","creationDate":"November 2005","author":"Joomla! Project","copyright":"Copyright (C) 2005 - 2012 Open Source Matters. All rights reserved.","authorEmail":"","authorUrl":"qbnz.com\\/highlighter","version":"2.5.0","description":"PLG_CONTENT_GESHI_XML_DESCRIPTION","group":""}', '{}', '', '', 0, '0000-00-00 00:00:00', 2, 0),
(406, 'plg_content_loadmodule', 'plugin', 'loadmodule', 'content', 0, 1, 1, 0, '{"legacy":false,"name":"plg_content_loadmodule","type":"plugin","creationDate":"November 2005","author":"Joomla! Project","copyright":"Copyright (C) 2005 - 2012 Open Source Matters. All rights reserved.","authorEmail":"admin@joomla.org","authorUrl":"www.joomla.org","version":"2.5.0","description":"PLG_LOADMODULE_XML_DESCRIPTION","group":""}', '{"style":"xhtml"}', '', '', 0, '2011-09-18 15:22:50', 0, 0),
(407, 'plg_content_pagebreak', 'plugin', 'pagebreak', 'content', 0, 1, 1, 1, '{"legacy":false,"name":"plg_content_pagebreak","type":"plugin","creationDate":"November 2005","author":"Joomla! Project","copyright":"Copyright (C) 2005 - 2012 Open Source Matters. All rights reserved.","authorEmail":"admin@joomla.org","authorUrl":"www.joomla.org","version":"2.5.0","description":"PLG_CONTENT_PAGEBREAK_XML_DESCRIPTION","group":""}', '{"title":"1","multipage_toc":"1","showall":"1"}', '', '', 0, '0000-00-00 00:00:00', 4, 0),
(408, 'plg_content_pagenavigation', 'plugin', 'pagenavigation', 'content', 0, 1, 1, 1, '{"legacy":false,"name":"plg_content_pagenavigation","type":"plugin","creationDate":"January 2006","author":"Joomla! Project","copyright":"Copyright (C) 2005 - 2012 Open Source Matters. All rights reserved.","authorEmail":"admin@joomla.org","authorUrl":"www.joomla.org","version":"2.5.0","description":"PLG_PAGENAVIGATION_XML_DESCRIPTION","group":""}', '{"position":"1"}', '', '', 0, '0000-00-00 00:00:00', 5, 0),
(409, 'plg_content_vote', 'plugin', 'vote', 'content', 0, 1, 1, 1, '{"legacy":false,"name":"plg_content_vote","type":"plugin","creationDate":"November 2005","author":"Joomla! Project","copyright":"Copyright (C) 2005 - 2012 Open Source Matters. All rights reserved.","authorEmail":"admin@joomla.org","authorUrl":"www.joomla.org","version":"2.5.0","description":"PLG_VOTE_XML_DESCRIPTION","group":""}', '{}', '', '', 0, '0000-00-00 00:00:00', 6, 0),
(410, 'plg_editors_codemirror', 'plugin', 'codemirror', 'editors', 0, 1, 1, 1, '{"legacy":false,"name":"plg_editors_codemirror","type":"plugin","creationDate":"28 March 2011","author":"Marijn Haverbeke","copyright":"","authorEmail":"N\\/A","authorUrl":"","version":"1.0","description":"PLG_CODEMIRROR_XML_DESCRIPTION","group":""}', '{"linenumbers":"0","tabmode":"indent"}', '', '', 0, '0000-00-00 00:00:00', 1, 0),
(411, 'plg_editors_none', 'plugin', 'none', 'editors', 0, 1, 1, 1, '{"legacy":false,"name":"plg_editors_none","type":"plugin","creationDate":"August 2004","author":"Unknown","copyright":"","authorEmail":"N\\/A","authorUrl":"","version":"2.5.0","description":"PLG_NONE_XML_DESCRIPTION","group":""}', '{}', '', '', 0, '0000-00-00 00:00:00', 2, 0),
(412, 'plg_editors_tinymce', 'plugin', 'tinymce', 'editors', 0, 1, 1, 1, '{"legacy":false,"name":"plg_editors_tinymce","type":"plugin","creationDate":"2005-2012","author":"Moxiecode Systems AB","copyright":"Moxiecode Systems AB","authorEmail":"N\\/A","authorUrl":"tinymce.moxiecode.com\\/","version":"3.5.4.1","description":"PLG_TINY_XML_DESCRIPTION","group":""}', '{"mode":"1","skin":"0","entity_encoding":"raw","lang_mode":"0","lang_code":"en","text_direction":"ltr","content_css":"1","content_css_custom":"","relative_urls":"1","newlines":"0","invalid_elements":"script,applet,iframe","extended_elements":"","toolbar":"top","toolbar_align":"left","html_height":"550","html_width":"750","resizing":"true","resize_horizontal":"false","element_path":"1","fonts":"1","paste":"1","searchreplace":"1","insertdate":"1","format_date":"%Y-%m-%d","inserttime":"1","format_time":"%H:%M:%S","colors":"1","table":"1","smilies":"1","media":"1","hr":"1","directionality":"1","fullscreen":"1","style":"1","layer":"1","xhtmlxtras":"1","visualchars":"1","nonbreaking":"1","template":"1","blockquote":"1","wordcount":"1","advimage":"1","advlink":"1","advlist":"1","autosave":"1","contextmenu":"1","inlinepopups":"1","custom_plugin":"","custom_button":""}', '', '', 0, '0000-00-00 00:00:00', 3, 0),
(413, 'plg_editors-xtd_article', 'plugin', 'article', 'editors-xtd', 0, 1, 1, 1, '{"legacy":false,"name":"plg_editors-xtd_article","type":"plugin","creationDate":"October 2009","author":"Joomla! Project","copyright":"Copyright (C) 2005 - 2012 Open Source Matters. All rights reserved.","authorEmail":"admin@joomla.org","authorUrl":"www.joomla.org","version":"2.5.0","description":"PLG_ARTICLE_XML_DESCRIPTION","group":""}', '{}', '', '', 0, '0000-00-00 00:00:00', 1, 0),
(414, 'plg_editors-xtd_image', 'plugin', 'image', 'editors-xtd', 0, 1, 1, 0, '{"legacy":false,"name":"plg_editors-xtd_image","type":"plugin","creationDate":"August 2004","author":"Joomla! Project","copyright":"Copyright (C) 2005 - 2012 Open Source Matters. All rights reserved.","authorEmail":"admin@joomla.org","authorUrl":"www.joomla.org","version":"2.5.0","description":"PLG_IMAGE_XML_DESCRIPTION","group":""}', '{}', '', '', 0, '0000-00-00 00:00:00', 2, 0),
(415, 'plg_editors-xtd_pagebreak', 'plugin', 'pagebreak', 'editors-xtd', 0, 1, 1, 0, '{"legacy":false,"name":"plg_editors-xtd_pagebreak","type":"plugin","creationDate":"August 2004","author":"Joomla! Project","copyright":"Copyright (C) 2005 - 2012 Open Source Matters. All rights reserved.","authorEmail":"admin@joomla.org","authorUrl":"www.joomla.org","version":"2.5.0","description":"PLG_EDITORSXTD_PAGEBREAK_XML_DESCRIPTION","group":""}', '{}', '', '', 0, '0000-00-00 00:00:00', 3, 0),
(416, 'plg_editors-xtd_readmore', 'plugin', 'readmore', 'editors-xtd', 0, 1, 1, 0, '{"legacy":false,"name":"plg_editors-xtd_readmore","type":"plugin","creationDate":"March 2006","author":"Joomla! Project","copyright":"Copyright (C) 2005 - 2012 Open Source Matters. All rights reserved.","authorEmail":"admin@joomla.org","authorUrl":"www.joomla.org","version":"2.5.0","description":"PLG_READMORE_XML_DESCRIPTION","group":""}', '{}', '', '', 0, '0000-00-00 00:00:00', 4, 0),
(417, 'plg_search_categories', 'plugin', 'categories', 'search', 0, 1, 1, 0, '{"legacy":false,"name":"plg_search_categories","type":"plugin","creationDate":"November 2005","author":"Joomla! Project","copyright":"Copyright (C) 2005 - 2012 Open Source Matters. All rights reserved.","authorEmail":"admin@joomla.org","authorUrl":"www.joomla.org","version":"2.5.0","description":"PLG_SEARCH_CATEGORIES_XML_DESCRIPTION","group":""}', '{"search_limit":"50","search_content":"1","search_archived":"1"}', '', '', 0, '0000-00-00 00:00:00', 0, 0),
(418, 'plg_search_contacts', 'plugin', 'contacts', 'search', 0, 1, 1, 0, '{"legacy":false,"name":"plg_search_contacts","type":"plugin","creationDate":"November 2005","author":"Joomla! Project","copyright":"Copyright (C) 2005 - 2012 Open Source Matters. All rights reserved.","authorEmail":"admin@joomla.org","authorUrl":"www.joomla.org","version":"2.5.0","description":"PLG_SEARCH_CONTACTS_XML_DESCRIPTION","group":""}', '{"search_limit":"50","search_content":"1","search_archived":"1"}', '', '', 0, '0000-00-00 00:00:00', 0, 0),
(419, 'plg_search_content', 'plugin', 'content', 'search', 0, 1, 1, 0, '{"legacy":false,"name":"plg_search_content","type":"plugin","creationDate":"November 2005","author":"Joomla! Project","copyright":"Copyright (C) 2005 - 2012 Open Source Matters. All rights reserved.","authorEmail":"admin@joomla.org","authorUrl":"www.joomla.org","version":"2.5.0","description":"PLG_SEARCH_CONTENT_XML_DESCRIPTION","group":""}', '{"search_limit":"50","search_content":"1","search_archived":"1"}', '', '', 0, '0000-00-00 00:00:00', 0, 0),
(420, 'plg_search_newsfeeds', 'plugin', 'newsfeeds', 'search', 0, 1, 1, 0, '{"legacy":false,"name":"plg_search_newsfeeds","type":"plugin","creationDate":"November 2005","author":"Joomla! Project","copyright":"Copyright (C) 2005 - 2012 Open Source Matters. All rights reserved.","authorEmail":"admin@joomla.org","authorUrl":"www.joomla.org","version":"2.5.0","description":"PLG_SEARCH_NEWSFEEDS_XML_DESCRIPTION","group":""}', '{"search_limit":"50","search_content":"1","search_archived":"1"}', '', '', 0, '0000-00-00 00:00:00', 0, 0),
(421, 'plg_search_weblinks', 'plugin', 'weblinks', 'search', 0, 1, 1, 0, '{"legacy":false,"name":"plg_search_weblinks","type":"plugin","creationDate":"November 2005","author":"Joomla! Project","copyright":"Copyright (C) 2005 - 2012 Open Source Matters. All rights reserved.","authorEmail":"admin@joomla.org","authorUrl":"www.joomla.org","version":"2.5.0","description":"PLG_SEARCH_WEBLINKS_XML_DESCRIPTION","group":""}', '{"search_limit":"50","search_content":"1","search_archived":"1"}', '', '', 0, '0000-00-00 00:00:00', 0, 0),
(422, 'plg_system_languagefilter', 'plugin', 'languagefilter', 'system', 0, 0, 1, 1, '{"legacy":false,"name":"plg_system_languagefilter","type":"plugin","creationDate":"July 2010","author":"Joomla! Project","copyright":"Copyright (C) 2005 - 2012 Open Source Matters. All rights reserved.","authorEmail":"admin@joomla.org","authorUrl":"www.joomla.org","version":"2.5.0","description":"PLG_SYSTEM_LANGUAGEFILTER_XML_DESCRIPTION","group":""}', '{}', '', '', 0, '0000-00-00 00:00:00', 1, 0),
(423, 'plg_system_p3p', 'plugin', 'p3p', 'system', 0, 1, 1, 1, '{"legacy":false,"name":"plg_system_p3p","type":"plugin","creationDate":"September 2010","author":"Joomla! Project","copyright":"Copyright (C) 2005 - 2012 Open Source Matters. All rights reserved.","authorEmail":"admin@joomla.org","authorUrl":"www.joomla.org","version":"2.5.0","description":"PLG_P3P_XML_DESCRIPTION","group":""}', '{"headers":"NOI ADM DEV PSAi COM NAV OUR OTRo STP IND DEM"}', '', '', 0, '0000-00-00 00:00:00', 2, 0),
(424, 'plg_system_cache', 'plugin', 'cache', 'system', 0, 0, 1, 1, '{"legacy":false,"name":"plg_system_cache","type":"plugin","creationDate":"February 2007","author":"Joomla! Project","copyright":"Copyright (C) 2005 - 2012 Open Source Matters. All rights reserved.","authorEmail":"admin@joomla.org","authorUrl":"www.joomla.org","version":"2.5.0","description":"PLG_CACHE_XML_DESCRIPTION","group":""}', '{"browsercache":"0","cachetime":"15"}', '', '', 0, '0000-00-00 00:00:00', 9, 0),
(425, 'plg_system_debug', 'plugin', 'debug', 'system', 0, 1, 1, 0, '{"legacy":false,"name":"plg_system_debug","type":"plugin","creationDate":"December 2006","author":"Joomla! Project","copyright":"Copyright (C) 2005 - 2012 Open Source Matters. All rights reserved.","authorEmail":"admin@joomla.org","authorUrl":"www.joomla.org","version":"2.5.0","description":"PLG_DEBUG_XML_DESCRIPTION","group":""}', '{"profile":"1","queries":"1","memory":"1","language_files":"1","language_strings":"1","strip-first":"1","strip-prefix":"","strip-suffix":""}', '', '', 0, '0000-00-00 00:00:00', 4, 0),
(426, 'plg_system_log', 'plugin', 'log', 'system', 0, 1, 1, 1, '{"legacy":false,"name":"plg_system_log","type":"plugin","creationDate":"April 2007","author":"Joomla! Project","copyright":"Copyright (C) 2005 - 2012 Open Source Matters. All rights reserved.","authorEmail":"admin@joomla.org","authorUrl":"www.joomla.org","version":"2.5.0","description":"PLG_LOG_XML_DESCRIPTION","group":""}', '{}', '', '', 0, '0000-00-00 00:00:00', 5, 0),
(427, 'plg_system_redirect', 'plugin', 'redirect', 'system', 0, 1, 1, 1, '{"legacy":false,"name":"plg_system_redirect","type":"plugin","creationDate":"April 2009","author":"Joomla! Project","copyright":"Copyright (C) 2005 - 2012 Open Source Matters. All rights reserved.","authorEmail":"admin@joomla.org","authorUrl":"www.joomla.org","version":"2.5.0","description":"PLG_REDIRECT_XML_DESCRIPTION","group":""}', '{}', '', '', 0, '0000-00-00 00:00:00', 6, 0);
INSERT INTO `l3kop_extensions` (`extension_id`, `name`, `type`, `element`, `folder`, `client_id`, `enabled`, `access`, `protected`, `manifest_cache`, `params`, `custom_data`, `system_data`, `checked_out`, `checked_out_time`, `ordering`, `state`) VALUES
(428, 'plg_system_remember', 'plugin', 'remember', 'system', 0, 1, 1, 1, '{"legacy":false,"name":"plg_system_remember","type":"plugin","creationDate":"April 2007","author":"Joomla! Project","copyright":"Copyright (C) 2005 - 2012 Open Source Matters. All rights reserved.","authorEmail":"admin@joomla.org","authorUrl":"www.joomla.org","version":"2.5.0","description":"PLG_REMEMBER_XML_DESCRIPTION","group":""}', '{}', '', '', 0, '0000-00-00 00:00:00', 7, 0),
(429, 'plg_system_sef', 'plugin', 'sef', 'system', 0, 1, 1, 0, '{"legacy":false,"name":"plg_system_sef","type":"plugin","creationDate":"December 2007","author":"Joomla! Project","copyright":"Copyright (C) 2005 - 2012 Open Source Matters. All rights reserved.","authorEmail":"admin@joomla.org","authorUrl":"www.joomla.org","version":"2.5.0","description":"PLG_SEF_XML_DESCRIPTION","group":""}', '{}', '', '', 0, '0000-00-00 00:00:00', 8, 0),
(430, 'plg_system_logout', 'plugin', 'logout', 'system', 0, 1, 1, 1, '{"legacy":false,"name":"plg_system_logout","type":"plugin","creationDate":"April 2009","author":"Joomla! Project","copyright":"Copyright (C) 2005 - 2012 Open Source Matters. All rights reserved.","authorEmail":"admin@joomla.org","authorUrl":"www.joomla.org","version":"2.5.0","description":"PLG_SYSTEM_LOGOUT_XML_DESCRIPTION","group":""}', '{}', '', '', 0, '0000-00-00 00:00:00', 3, 0),
(431, 'plg_user_contactcreator', 'plugin', 'contactcreator', 'user', 0, 0, 1, 1, '{"legacy":false,"name":"plg_user_contactcreator","type":"plugin","creationDate":"August 2009","author":"Joomla! Project","copyright":"(C) 2005 - 2012 Open Source Matters. All rights reserved.","authorEmail":"admin@joomla.org","authorUrl":"www.joomla.org","version":"2.5.0","description":"PLG_CONTACTCREATOR_XML_DESCRIPTION","group":""}', '{"autowebpage":"","category":"34","autopublish":"0"}', '', '', 0, '0000-00-00 00:00:00', 1, 0),
(432, 'plg_user_joomla', 'plugin', 'joomla', 'user', 0, 1, 1, 0, '{"legacy":false,"name":"plg_user_joomla","type":"plugin","creationDate":"December 2006","author":"Joomla! Project","copyright":"(C) 2005 - 2009 Open Source Matters. All rights reserved.","authorEmail":"admin@joomla.org","authorUrl":"www.joomla.org","version":"2.5.0","description":"PLG_USER_JOOMLA_XML_DESCRIPTION","group":""}', '{"autoregister":"1"}', '', '', 0, '0000-00-00 00:00:00', 2, 0),
(433, 'plg_user_profile', 'plugin', 'profile', 'user', 0, 0, 1, 1, '{"legacy":false,"name":"plg_user_profile","type":"plugin","creationDate":"January 2008","author":"Joomla! Project","copyright":"(C) 2005 - 2012 Open Source Matters. All rights reserved.","authorEmail":"admin@joomla.org","authorUrl":"www.joomla.org","version":"2.5.0","description":"PLG_USER_PROFILE_XML_DESCRIPTION","group":""}', '{"register-require_address1":"1","register-require_address2":"1","register-require_city":"1","register-require_region":"1","register-require_country":"1","register-require_postal_code":"1","register-require_phone":"1","register-require_website":"1","register-require_favoritebook":"1","register-require_aboutme":"1","register-require_tos":"1","register-require_dob":"1","profile-require_address1":"1","profile-require_address2":"1","profile-require_city":"1","profile-require_region":"1","profile-require_country":"1","profile-require_postal_code":"1","profile-require_phone":"1","profile-require_website":"1","profile-require_favoritebook":"1","profile-require_aboutme":"1","profile-require_tos":"1","profile-require_dob":"1"}', '', '', 0, '0000-00-00 00:00:00', 0, 0),
(434, 'plg_extension_joomla', 'plugin', 'joomla', 'extension', 0, 1, 1, 1, '{"legacy":false,"name":"plg_extension_joomla","type":"plugin","creationDate":"May 2010","author":"Joomla! Project","copyright":"Copyright (C) 2005 - 2012 Open Source Matters. All rights reserved.","authorEmail":"admin@joomla.org","authorUrl":"www.joomla.org","version":"2.5.0","description":"PLG_EXTENSION_JOOMLA_XML_DESCRIPTION","group":""}', '{}', '', '', 0, '0000-00-00 00:00:00', 1, 0),
(435, 'plg_content_joomla', 'plugin', 'joomla', 'content', 0, 1, 1, 0, '{"legacy":false,"name":"plg_content_joomla","type":"plugin","creationDate":"November 2010","author":"Joomla! Project","copyright":"Copyright (C) 2005 - 2012 Open Source Matters. All rights reserved.","authorEmail":"admin@joomla.org","authorUrl":"www.joomla.org","version":"2.5.0","description":"PLG_CONTENT_JOOMLA_XML_DESCRIPTION","group":""}', '{}', '', '', 0, '0000-00-00 00:00:00', 0, 0),
(436, 'plg_system_languagecode', 'plugin', 'languagecode', 'system', 0, 0, 1, 0, '{"legacy":false,"name":"plg_system_languagecode","type":"plugin","creationDate":"November 2011","author":"Joomla! Project","copyright":"Copyright (C) 2005 - 2012 Open Source Matters. All rights reserved.","authorEmail":"admin@joomla.org","authorUrl":"www.joomla.org","version":"2.5.0","description":"PLG_SYSTEM_LANGUAGECODE_XML_DESCRIPTION","group":""}', '{}', '', '', 0, '0000-00-00 00:00:00', 10, 0),
(437, 'plg_quickicon_joomlaupdate', 'plugin', 'joomlaupdate', 'quickicon', 0, 1, 1, 1, '{"legacy":false,"name":"plg_quickicon_joomlaupdate","type":"plugin","creationDate":"August 2011","author":"Joomla! Project","copyright":"Copyright (C) 2005 - 2012 Open Source Matters. All rights reserved.","authorEmail":"admin@joomla.org","authorUrl":"www.joomla.org","version":"2.5.0","description":"PLG_QUICKICON_JOOMLAUPDATE_XML_DESCRIPTION","group":""}', '{}', '', '', 0, '0000-00-00 00:00:00', 0, 0),
(438, 'plg_quickicon_extensionupdate', 'plugin', 'extensionupdate', 'quickicon', 0, 1, 1, 1, '{"legacy":false,"name":"plg_quickicon_extensionupdate","type":"plugin","creationDate":"August 2011","author":"Joomla! Project","copyright":"Copyright (C) 2005 - 2012 Open Source Matters. All rights reserved.","authorEmail":"admin@joomla.org","authorUrl":"www.joomla.org","version":"2.5.0","description":"PLG_QUICKICON_EXTENSIONUPDATE_XML_DESCRIPTION","group":""}', '{}', '', '', 0, '0000-00-00 00:00:00', 0, 0),
(439, 'plg_captcha_recaptcha', 'plugin', 'recaptcha', 'captcha', 0, 1, 1, 0, '{"legacy":false,"name":"plg_captcha_recaptcha","type":"plugin","creationDate":"December 2011","author":"Joomla! Project","copyright":"Copyright (C) 2005 - 2012 Open Source Matters. All rights reserved.","authorEmail":"admin@joomla.org","authorUrl":"www.joomla.org","version":"2.5.0","description":"PLG_CAPTCHA_RECAPTCHA_XML_DESCRIPTION","group":""}', '{"public_key":"","private_key":"","theme":"clean"}', '', '', 0, '0000-00-00 00:00:00', 0, 0),
(440, 'plg_system_highlight', 'plugin', 'highlight', 'system', 0, 1, 1, 0, '{"legacy":false,"name":"plg_system_highlight","type":"plugin","creationDate":"August 2011","author":"Joomla! Project","copyright":"(C) 2005 - 2012 Open Source Matters. All rights reserved.","authorEmail":"admin@joomla.org","authorUrl":"www.joomla.org","version":"2.5.0","description":"PLG_SYSTEM_HIGHLIGHT_XML_DESCRIPTION","group":""}', '{}', '', '', 0, '0000-00-00 00:00:00', 7, 0),
(441, 'plg_content_finder', 'plugin', 'finder', 'content', 0, 0, 1, 0, '{"legacy":false,"name":"plg_content_finder","type":"plugin","creationDate":"December 2011","author":"Joomla! Project","copyright":"Copyright (C) 2005 - 2012 Open Source Matters. All rights reserved.","authorEmail":"admin@joomla.org","authorUrl":"www.joomla.org","version":"2.5.0","description":"PLG_CONTENT_FINDER_XML_DESCRIPTION","group":""}', '{}', '', '', 0, '0000-00-00 00:00:00', 0, 0),
(442, 'plg_finder_categories', 'plugin', 'categories', 'finder', 0, 1, 1, 0, '{"legacy":false,"name":"plg_finder_categories","type":"plugin","creationDate":"August 2011","author":"Joomla! Project","copyright":"(C) 2005 - 2012 Open Source Matters. All rights reserved.","authorEmail":"admin@joomla.org","authorUrl":"www.joomla.org","version":"2.5.0","description":"PLG_FINDER_CATEGORIES_XML_DESCRIPTION","group":""}', '{}', '', '', 0, '0000-00-00 00:00:00', 1, 0),
(443, 'plg_finder_contacts', 'plugin', 'contacts', 'finder', 0, 1, 1, 0, '{"legacy":false,"name":"plg_finder_contacts","type":"plugin","creationDate":"August 2011","author":"Joomla! Project","copyright":"(C) 2005 - 2012 Open Source Matters. All rights reserved.","authorEmail":"admin@joomla.org","authorUrl":"www.joomla.org","version":"2.5.0","description":"PLG_FINDER_CONTACTS_XML_DESCRIPTION","group":""}', '{}', '', '', 0, '0000-00-00 00:00:00', 2, 0),
(444, 'plg_finder_content', 'plugin', 'content', 'finder', 0, 1, 1, 0, '{"legacy":false,"name":"plg_finder_content","type":"plugin","creationDate":"August 2011","author":"Joomla! Project","copyright":"(C) 2005 - 2012 Open Source Matters. All rights reserved.","authorEmail":"admin@joomla.org","authorUrl":"www.joomla.org","version":"2.5.0","description":"PLG_FINDER_CONTENT_XML_DESCRIPTION","group":""}', '{}', '', '', 0, '0000-00-00 00:00:00', 3, 0),
(445, 'plg_finder_newsfeeds', 'plugin', 'newsfeeds', 'finder', 0, 1, 1, 0, '{"legacy":false,"name":"plg_finder_newsfeeds","type":"plugin","creationDate":"August 2011","author":"Joomla! Project","copyright":"(C) 2005 - 2012 Open Source Matters. All rights reserved.","authorEmail":"admin@joomla.org","authorUrl":"www.joomla.org","version":"2.5.0","description":"PLG_FINDER_NEWSFEEDS_XML_DESCRIPTION","group":""}', '{}', '', '', 0, '0000-00-00 00:00:00', 4, 0),
(446, 'plg_finder_weblinks', 'plugin', 'weblinks', 'finder', 0, 1, 1, 0, '{"legacy":false,"name":"plg_finder_weblinks","type":"plugin","creationDate":"August 2011","author":"Joomla! Project","copyright":"(C) 2005 - 2012 Open Source Matters. All rights reserved.","authorEmail":"admin@joomla.org","authorUrl":"www.joomla.org","version":"2.5.0","description":"PLG_FINDER_WEBLINKS_XML_DESCRIPTION","group":""}', '{}', '', '', 0, '0000-00-00 00:00:00', 5, 0),
(500, 'atomic', 'template', 'atomic', '', 0, 1, 1, 0, '{"legacy":false,"name":"atomic","type":"template","creationDate":"10\\/10\\/09","author":"Ron Severdia","copyright":"Copyright (C) 2005 - 2012 Open Source Matters, Inc. All rights reserved.","authorEmail":"contact@kontentdesign.com","authorUrl":"http:\\/\\/www.kontentdesign.com","version":"2.5.0","description":"TPL_ATOMIC_XML_DESCRIPTION","group":""}', '{}', '', '', 0, '0000-00-00 00:00:00', 0, 0),
(502, 'bluestork', 'template', 'bluestork', '', 1, 1, 1, 0, '{"legacy":false,"name":"bluestork","type":"template","creationDate":"07\\/02\\/09","author":"Joomla! Project","copyright":"Copyright (C) 2005 - 2012 Open Source Matters, Inc. All rights reserved.","authorEmail":"admin@joomla.org","authorUrl":"www.joomla.org","version":"2.5.0","description":"TPL_BLUESTORK_XML_DESCRIPTION","group":""}', '{"useRoundedCorners":"1","showSiteName":"0","textBig":"0","highContrast":"0"}', '', '', 0, '0000-00-00 00:00:00', 0, 0),
(503, 'beez_20', 'template', 'beez_20', '', 0, 1, 1, 0, '{"legacy":false,"name":"beez_20","type":"template","creationDate":"25 November 2009","author":"Angie Radtke","copyright":"Copyright (C) 2005 - 2012 Open Source Matters, Inc. All rights reserved.","authorEmail":"a.radtke@derauftritt.de","authorUrl":"http:\\/\\/www.der-auftritt.de","version":"2.5.0","description":"TPL_BEEZ2_XML_DESCRIPTION","group":""}', '{"wrapperSmall":"53","wrapperLarge":"72","sitetitle":"","sitedescription":"","navposition":"center","templatecolor":"nature"}', '', '', 0, '0000-00-00 00:00:00', 0, 0),
(504, 'hathor', 'template', 'hathor', '', 1, 1, 1, 0, '{"legacy":false,"name":"hathor","type":"template","creationDate":"May 2010","author":"Andrea Tarr","copyright":"Copyright (C) 2005 - 2012 Open Source Matters, Inc. All rights reserved.","authorEmail":"hathor@tarrconsulting.com","authorUrl":"http:\\/\\/www.tarrconsulting.com","version":"2.5.0","description":"TPL_HATHOR_XML_DESCRIPTION","group":""}', '{"showSiteName":"0","colourChoice":"0","boldText":"0"}', '', '', 0, '0000-00-00 00:00:00', 0, 0),
(505, 'beez5', 'template', 'beez5', '', 0, 1, 1, 0, '{"legacy":false,"name":"beez5","type":"template","creationDate":"21 May 2010","author":"Angie Radtke","copyright":"Copyright (C) 2005 - 2012 Open Source Matters, Inc. All rights reserved.","authorEmail":"a.radtke@derauftritt.de","authorUrl":"http:\\/\\/www.der-auftritt.de","version":"2.5.0","description":"TPL_BEEZ5_XML_DESCRIPTION","group":""}', '{"wrapperSmall":"53","wrapperLarge":"72","sitetitle":"","sitedescription":"","navposition":"center","html5":"0"}', '', '', 0, '0000-00-00 00:00:00', 0, 0),
(600, 'English (United Kingdom)', 'language', 'en-GB', '', 0, 1, 1, 1, '{"legacy":false,"name":"English (United Kingdom)","type":"language","creationDate":"2008-03-15","author":"Joomla! Project","copyright":"Copyright (C) 2005 - 2012 Open Source Matters. All rights reserved.","authorEmail":"admin@joomla.org","authorUrl":"www.joomla.org","version":"2.5.5","description":"en-GB site language","group":""}', '', '', '', 0, '0000-00-00 00:00:00', 0, 0),
(601, 'English (United Kingdom)', 'language', 'en-GB', '', 1, 1, 1, 1, '{"legacy":false,"name":"English (United Kingdom)","type":"language","creationDate":"2008-03-15","author":"Joomla! Project","copyright":"Copyright (C) 2005 - 2012 Open Source Matters. All rights reserved.","authorEmail":"admin@joomla.org","authorUrl":"www.joomla.org","version":"2.5.5","description":"en-GB administrator language","group":""}', '', '', '', 0, '0000-00-00 00:00:00', 0, 0),
(700, 'files_joomla', 'file', 'joomla', '', 0, 1, 1, 1, '{"legacy":false,"name":"files_joomla","type":"file","creationDate":"September 2012","author":"Joomla! Project","copyright":"(C) 2005 - 2012 Open Source Matters. All rights reserved","authorEmail":"admin@joomla.org","authorUrl":"www.joomla.org","version":"2.5.7","description":"FILES_JOOMLA_XML_DESCRIPTION","group":""}', '', '', '', 0, '0000-00-00 00:00:00', 0, 0),
(800, 'PKG_JOOMLA', 'package', 'pkg_joomla', '', 0, 1, 1, 1, '{"legacy":false,"name":"PKG_JOOMLA","type":"package","creationDate":"2006","author":"Joomla! Project","copyright":"Copyright (C) 2005 - 2012 Open Source Matters. All rights reserved.","authorEmail":"admin@joomla.org","authorUrl":"http:\\/\\/www.joomla.org","version":"2.5.0","description":"PKG_JOOMLA_XML_DESCRIPTION","group":""}', '', '', '', 0, '0000-00-00 00:00:00', 0, 0),
(10000, 'meachrist', 'template', 'meachrist-fr', '', 0, 1, 1, 0, '{"legacy":false,"name":"meachrist","type":"template","creationDate":"2012-11-06","author":"Mario Onekanda","copyright":"Mario Onekanda 2012","authorEmail":"mario.onekanda@gmail.com","authorUrl":"http:\\/\\/www.onekweb.com","version":"2.5.7","description":"Meachrist","group":""}', '{}', '', '', 0, '0000-00-00 00:00:00', 0, 0),
(10001, 'com_djimageslider', 'component', 'com_djimageslider', '', 1, 1, 0, 0, '{"legacy":false,"name":"com_djimageslider","type":"component","creationDate":"August 2012","author":"DJ-Extensions.com","copyright":"Copyright (C) 2012 DJ-Extensions.com, All rights reserved.","authorEmail":"contact@dj-extensions.com","authorUrl":"http:\\/\\/dj-extensions.com","version":"2.0.4.stable","description":"DJ-ImageSlider component","group":""}', '{}', '', '', 0, '0000-00-00 00:00:00', 0, 0),
(10002, 'DJ-ImageSlider', 'module', 'mod_djimageslider', '', 0, 1, 0, 0, '{"legacy":false,"name":"DJ-ImageSlider","type":"module","creationDate":"August 2012","author":"DJ-Extensions.com","copyright":"Copyright (C) 2012 DJ-Extensions.com, All rights reserved.","authorEmail":"contact@dj-extensions.com","authorUrl":"http:\\/\\/dj-extensions.com","version":"2.0.4.stable","description":"DJ-ImageSlider Module","group":""}', '{"slider_source":"0","slider_type":"0","link_image":"1","image_folder":"images\\/sampledata\\/fruitshop","link":"","show_title":"1","show_desc":"1","show_readmore":"0","readmore_text":"","link_title":"1","link_desc":"0","limit_desc":"","image_width":"240","image_height":"180","fit_to":"0","visible_images":"3","space_between_images":"10","max_images":"20","sort_by":"1","effect":"Cubic","autoplay":"1","show_buttons":"1","show_arrows":"1","show_custom_nav":"0","desc_width":"","desc_bottom":"0","desc_horizontal":"0","left_arrow":"","right_arrow":"","play_button":"","pause_button":"","arrows_top":"30","arrows_horizontal":"5","effect_type":"0","duration":"","delay":"","preload":"800","cache":"1","cache_time":"900"}', '', '', 0, '0000-00-00 00:00:00', 0, 0),
(10003, 'dj-imageslider', 'package', 'pkg_dj-imageslider', '', 0, 1, 1, 0, '{"legacy":false,"name":"DJ-ImageSlider Package","type":"package","creationDate":"August 2012","author":"DJ-Extensions.com","copyright":"Copyright (C) 2012 DJ-Extensions.com, All rights reserved.","authorEmail":"contact@dj-extensions.com","authorUrl":"http:\\/\\/dj-extensions.com","version":"2.0.4.stable","description":"\\n\\t\\t<style> #right-text {font-family:Arial, Helvetica, sans-serif;\\tfont-size:11px;\\t} #right-text a:link, #right-text a:visited {color:#4991c1;font-weight:bold; font-size: 13px;} #right-text a:hover {text-decoration:underline;}\\t#right-text h2 {color:#fa9539;text-transform:uppercase;\\tfont-size:16px;\\tpadding:0;\\tmargin:2px 0;}\\t#right-text p {padding:0;margin:4px 0;}\\t#left-logo {float:left;width:270px;height:120px;display:block;} #left-logo img {margin: 40px 20px;} #right-text {float:left;width:400px;}<\\/style>\\n\\t\\n\\t\\t<div id=\\"left-logo\\">\\n\\t\\t\\t<a target=\\"_blank\\" href=\\"http:\\/\\/dj-extensions.com\\"><img src=\\"http:\\/\\/new.dj-extensions.com\\/templates\\/dj-extensions\\/images\\/logo.png\\" alt=\\"DJ-Extensions.com\\" \\/><\\/a>\\n\\t\\t<\\/div>\\n\\t\\t\\n\\t\\t<div id=\\"right-text\\">\\n\\t\\t\\t<h2>Thank you for installing DJ-ImageSlider!<\\/h2>\\n\\t\\t\\t<p>The DJ-ImageSlider extension allows you to display image slides with title and short description linked to any menu item, article or custom url address.<\\/p>\\n\\t\\t\\t<p>If you want to learn how to use DJ-ImageSlider please read <a target=\\"_blank\\" href=\\"http:\\/\\/dj-extensions.com\\/documentation\\">Documentation<\\/a> and search our <a target=\\"_blank\\" href=\\"http:\\/\\/dj-extensions.com\\/forum\\">Support Forum<\\/a><br \\/><br \\/>Check out our other extensions at <a target=\\"_blank\\" href=\\"http:\\/\\/dj-extensions.com\\">DJ-Extensions.com<\\/a><\\/p>\\n\\t\\t<\\/div>\\n\\t\\n\\t\\t","group":""}', '{}', '', '', 0, '0000-00-00 00:00:00', 0, 0),
(10004, 'Editor - JCE', 'plugin', 'jce', 'editors', 0, 1, 1, 0, '{"legacy":false,"name":"Editor - JCE","type":"plugin","creationDate":"10 November 2012","author":"Ryan Demmer","copyright":"2006-2010 Ryan Demmer","authorEmail":"info@joomlacontenteditor.net","authorUrl":"http:\\/\\/www.joomlacontenteditor.net","version":"2.2.9.1","description":"WF_EDITOR_PLUGIN_DESC","group":""}', '{}', '', '', 0, '0000-00-00 00:00:00', 0, 0),
(10005, 'plg_quickicon_jcefilebrowser', 'plugin', 'jcefilebrowser', 'quickicon', 0, 1, 1, 0, '{"legacy":false,"name":"plg_quickicon_jcefilebrowser","type":"plugin","creationDate":"April 2012","author":"Ryan Demmer","copyright":"Copyright (C) 2012 Ryan Demmer. All rights reserved.","authorEmail":"admin@joomla.org","authorUrl":"www.joomla.org","version":"2.5.0","description":"PLG_QUICKICON_JCEFILEBROWSER_XML_DESCRIPTION","group":""}', '{}', '', '', 0, '0000-00-00 00:00:00', 0, 0),
(10006, 'jce', 'component', 'com_jce', '', 1, 1, 0, 0, '{"legacy":false,"name":"JCE","type":"component","creationDate":"10 November 2012","author":"Ryan Demmer","copyright":"Copyright (C) 2006 - 2012 Ryan Demmer. All rights reserved","authorEmail":"info@joomlacontenteditor.net","authorUrl":"www.joomlacontenteditor.net","version":"2.2.9.1","description":"WF_ADMIN_DESC","group":""}', '{}', '', '', 0, '0000-00-00 00:00:00', 0, 0),
(10007, 'PLG_SYSTEM_HEADERTAGS', 'plugin', 'headertags', 'system', 0, 0, 1, 0, '{"legacy":false,"name":"PLG_SYSTEM_HEADERTAGS","type":"plugin","creationDate":"February 2012","author":"Conflate","copyright":"(C) 2012 Conflate. All rights reserved.","authorEmail":"info@conflate.nl","authorUrl":"http:\\/\\/www.conflate.nl","version":"3.0","description":"PLG_SYSTEM_HEADERTAGS_XML_DESCRIPTION","group":""}', '{"content_area":"component","h1_mandatory":"1","h1_mandatory_replace":"h2","h1_limit":"1","h1_limit_replace":"h2","h2_mandatory":"0","h2_mandatory_replace":"h3","h2_limit":"ul","h2_limit_replace":"h3","h3_mandatory":"0","h3_mandatory_replace":"h4","h3_limit":"ul","h3_limit_replace":"h4","h4_mandatory":"0","h4_mandatory_replace":"h5","h4_limit":"ul","h4_limit_replace":"h5","h5_mandatory":"0","h5_mandatory_replace":"h6","h5_limit":"ul","h5_limit_replace":"h6","h6_mandatory":"0","h6_mandatory_replace":"h7","h6_limit":"ul","h6_limit_replace":"h7"}', '', '', 0, '0000-00-00 00:00:00', 0, 0),
(10008, 'Inow Skitter Slideshow', 'module', 'mod_InowSlideShow', '', 0, 1, 0, 0, '{"legacy":false,"name":"Inow Skitter Slideshow","type":"module","creationDate":"April 2012","author":"Alex","copyright":"Copyright (C) 2011 - 2012 inowjoomla.com. All rights reserved.","authorEmail":"info@inowdesign.com","authorUrl":"www.inowdesign.com","version":"1.0","description":"\\niNow Skitter Slideshow For Joomla! \\n","group":""}', '{"moduleclass_sfx":"","slidewidth":"800","slideheight":"300","menu_style":"list","timeinterval":"2500","velocity":"1","align":"center","backgroundcolor":"#000","linktarget":"_self","linkedtitle":"no","auto_play":"yes","controls":"yes","controls_position":"center","focus":"yes","focus_position":"rightBottom","show_randomly":"no","progressbar":"yes","pbtop":"5","pbleft":"590","pbheight":"10","pbwidth":"200","pbborderradius":"2","pbbg":"#000","pbopacity":"0.7","navigation":"list","navigationalign":"left","arrows":"yes","hidetools":"no","arrowspos":"default","border":"0","bordercolor":"#000","labelcolor":"#fff","labelsize":"22","titlefont":"BebasNeueRegular","desccolor":"#fff","descsize":"10","descfont":"arial","bgout":"#333","colorout":"#fff","bgover":"#000","colorover":"#fff","bgactive":"#cc3333","coloractive":"#fff","show_jquery":"yes","jver":"1.5.2","load":"onmod","img1":"modules\\/mod_InowSlideShow\\/images\\/001.jpg","label1":"","desc1":"","link1":"","@spacer":"","img2":"modules\\/mod_InowSlideShow\\/images\\/002.jpg","label2":"","desc2":"","link2":"","img3":"","label3":"","desc3":"","link3":"","img4":"","label4":"","desc4":"","link4":"","img5":"","label5":"","desc5":"","link5":"","img6":"","label6":"","desc6":"","link6":"","img7":"","label7":"","desc7":"","link7":"","img8":"","label8":"","desc8":"","link8":"","img9":"","label9":"","desc9":"","link9":"","img10":"","label10":"","desc10":"","link10":"","img11":"","label11":"","desc11":"","link11":"","img12":"","label12":"","desc12":"","link12":"","img13":"","label13":"","desc13":"","link13":"","img14":"","label14":"","desc14":"","link14":"","img15":"","label15":"","desc15":"","link15":"","img16":"","label16":"","desc16":"","link16":"","img17":"","label17":"","desc17":"","link17":"","img18":"","label18":"","desc18":"","link18":"","img19":"","label19":"","desc19":"","link19":"","img20":"","label20":"","desc20":"","link20":""}', '', '', 0, '0000-00-00 00:00:00', 0, 0),
(10009, 'ARI Image Slider', 'module', 'mod_ariimageslider', '', 0, 1, 0, 0, '{"legacy":false,"name":"ARI Image Slider","type":"module","creationDate":"November 2012","author":"ARI Soft","copyright":"ARI Soft","authorEmail":"info@ari-soft.com","authorUrl":"www.ari-soft.com","version":"2.0.4","description":"ARI_IMAGE_SLIDER_MODULE","group":""}', '{}', '', '', 0, '0000-00-00 00:00:00', 0, 0);

-- --------------------------------------------------------

--
-- Tabellstruktur `l3kop_finder_filters`
--

CREATE TABLE IF NOT EXISTS `l3kop_finder_filters` (
  `filter_id` int(10) unsigned NOT NULL AUTO_INCREMENT,
  `title` varchar(255) NOT NULL,
  `alias` varchar(255) NOT NULL,
  `state` tinyint(1) NOT NULL DEFAULT '1',
  `created` datetime NOT NULL DEFAULT '0000-00-00 00:00:00',
  `created_by` int(10) unsigned NOT NULL,
  `created_by_alias` varchar(255) NOT NULL,
  `modified` datetime NOT NULL DEFAULT '0000-00-00 00:00:00',
  `modified_by` int(10) unsigned NOT NULL DEFAULT '0',
  `checked_out` int(10) unsigned NOT NULL DEFAULT '0',
  `checked_out_time` datetime NOT NULL DEFAULT '0000-00-00 00:00:00',
  `map_count` int(10) unsigned NOT NULL DEFAULT '0',
  `data` text NOT NULL,
  `params` mediumtext,
  PRIMARY KEY (`filter_id`)
) ENGINE=InnoDB DEFAULT CHARSET=utf8 AUTO_INCREMENT=1 ;

-- --------------------------------------------------------

--
-- Tabellstruktur `l3kop_finder_links`
--

CREATE TABLE IF NOT EXISTS `l3kop_finder_links` (
  `link_id` int(10) unsigned NOT NULL AUTO_INCREMENT,
  `url` varchar(255) NOT NULL,
  `route` varchar(255) NOT NULL,
  `title` varchar(255) DEFAULT NULL,
  `description` varchar(255) DEFAULT NULL,
  `indexdate` datetime NOT NULL DEFAULT '0000-00-00 00:00:00',
  `md5sum` varchar(32) DEFAULT NULL,
  `published` tinyint(1) NOT NULL DEFAULT '1',
  `state` int(5) DEFAULT '1',
  `access` int(5) DEFAULT '0',
  `language` varchar(8) NOT NULL,
  `publish_start_date` datetime NOT NULL DEFAULT '0000-00-00 00:00:00',
  `publish_end_date` datetime NOT NULL DEFAULT '0000-00-00 00:00:00',
  `start_date` datetime NOT NULL DEFAULT '0000-00-00 00:00:00',
  `end_date` datetime NOT NULL DEFAULT '0000-00-00 00:00:00',
  `list_price` double unsigned NOT NULL DEFAULT '0',
  `sale_price` double unsigned NOT NULL DEFAULT '0',
  `type_id` int(11) NOT NULL,
  `object` mediumblob NOT NULL,
  PRIMARY KEY (`link_id`),
  KEY `idx_type` (`type_id`),
  KEY `idx_title` (`title`),
  KEY `idx_md5` (`md5sum`),
  KEY `idx_url` (`url`(75)),
  KEY `idx_published_list` (`published`,`state`,`access`,`publish_start_date`,`publish_end_date`,`list_price`),
  KEY `idx_published_sale` (`published`,`state`,`access`,`publish_start_date`,`publish_end_date`,`sale_price`)
) ENGINE=InnoDB DEFAULT CHARSET=utf8 AUTO_INCREMENT=1 ;

-- --------------------------------------------------------

--
-- Tabellstruktur `l3kop_finder_links_terms0`
--

CREATE TABLE IF NOT EXISTS `l3kop_finder_links_terms0` (
  `link_id` int(10) unsigned NOT NULL,
  `term_id` int(10) unsigned NOT NULL,
  `weight` float unsigned NOT NULL,
  PRIMARY KEY (`link_id`,`term_id`),
  KEY `idx_term_weight` (`term_id`,`weight`),
  KEY `idx_link_term_weight` (`link_id`,`term_id`,`weight`)
) ENGINE=InnoDB DEFAULT CHARSET=utf8;

-- --------------------------------------------------------

--
-- Tabellstruktur `l3kop_finder_links_terms1`
--

CREATE TABLE IF NOT EXISTS `l3kop_finder_links_terms1` (
  `link_id` int(10) unsigned NOT NULL,
  `term_id` int(10) unsigned NOT NULL,
  `weight` float unsigned NOT NULL,
  PRIMARY KEY (`link_id`,`term_id`),
  KEY `idx_term_weight` (`term_id`,`weight`),
  KEY `idx_link_term_weight` (`link_id`,`term_id`,`weight`)
) ENGINE=InnoDB DEFAULT CHARSET=utf8;

-- --------------------------------------------------------

--
-- Tabellstruktur `l3kop_finder_links_terms2`
--

CREATE TABLE IF NOT EXISTS `l3kop_finder_links_terms2` (
  `link_id` int(10) unsigned NOT NULL,
  `term_id` int(10) unsigned NOT NULL,
  `weight` float unsigned NOT NULL,
  PRIMARY KEY (`link_id`,`term_id`),
  KEY `idx_term_weight` (`term_id`,`weight`),
  KEY `idx_link_term_weight` (`link_id`,`term_id`,`weight`)
) ENGINE=InnoDB DEFAULT CHARSET=utf8;

-- --------------------------------------------------------

--
-- Tabellstruktur `l3kop_finder_links_terms3`
--

CREATE TABLE IF NOT EXISTS `l3kop_finder_links_terms3` (
  `link_id` int(10) unsigned NOT NULL,
  `term_id` int(10) unsigned NOT NULL,
  `weight` float unsigned NOT NULL,
  PRIMARY KEY (`link_id`,`term_id`),
  KEY `idx_term_weight` (`term_id`,`weight`),
  KEY `idx_link_term_weight` (`link_id`,`term_id`,`weight`)
) ENGINE=InnoDB DEFAULT CHARSET=utf8;

-- --------------------------------------------------------

--
-- Tabellstruktur `l3kop_finder_links_terms4`
--

CREATE TABLE IF NOT EXISTS `l3kop_finder_links_terms4` (
  `link_id` int(10) unsigned NOT NULL,
  `term_id` int(10) unsigned NOT NULL,
  `weight` float unsigned NOT NULL,
  PRIMARY KEY (`link_id`,`term_id`),
  KEY `idx_term_weight` (`term_id`,`weight`),
  KEY `idx_link_term_weight` (`link_id`,`term_id`,`weight`)
) ENGINE=InnoDB DEFAULT CHARSET=utf8;

-- --------------------------------------------------------

--
-- Tabellstruktur `l3kop_finder_links_terms5`
--

CREATE TABLE IF NOT EXISTS `l3kop_finder_links_terms5` (
  `link_id` int(10) unsigned NOT NULL,
  `term_id` int(10) unsigned NOT NULL,
  `weight` float unsigned NOT NULL,
  PRIMARY KEY (`link_id`,`term_id`),
  KEY `idx_term_weight` (`term_id`,`weight`),
  KEY `idx_link_term_weight` (`link_id`,`term_id`,`weight`)
) ENGINE=InnoDB DEFAULT CHARSET=utf8;

-- --------------------------------------------------------

--
-- Tabellstruktur `l3kop_finder_links_terms6`
--

CREATE TABLE IF NOT EXISTS `l3kop_finder_links_terms6` (
  `link_id` int(10) unsigned NOT NULL,
  `term_id` int(10) unsigned NOT NULL,
  `weight` float unsigned NOT NULL,
  PRIMARY KEY (`link_id`,`term_id`),
  KEY `idx_term_weight` (`term_id`,`weight`),
  KEY `idx_link_term_weight` (`link_id`,`term_id`,`weight`)
) ENGINE=InnoDB DEFAULT CHARSET=utf8;

-- --------------------------------------------------------

--
-- Tabellstruktur `l3kop_finder_links_terms7`
--

CREATE TABLE IF NOT EXISTS `l3kop_finder_links_terms7` (
  `link_id` int(10) unsigned NOT NULL,
  `term_id` int(10) unsigned NOT NULL,
  `weight` float unsigned NOT NULL,
  PRIMARY KEY (`link_id`,`term_id`),
  KEY `idx_term_weight` (`term_id`,`weight`),
  KEY `idx_link_term_weight` (`link_id`,`term_id`,`weight`)
) ENGINE=InnoDB DEFAULT CHARSET=utf8;

-- --------------------------------------------------------

--
-- Tabellstruktur `l3kop_finder_links_terms8`
--

CREATE TABLE IF NOT EXISTS `l3kop_finder_links_terms8` (
  `link_id` int(10) unsigned NOT NULL,
  `term_id` int(10) unsigned NOT NULL,
  `weight` float unsigned NOT NULL,
  PRIMARY KEY (`link_id`,`term_id`),
  KEY `idx_term_weight` (`term_id`,`weight`),
  KEY `idx_link_term_weight` (`link_id`,`term_id`,`weight`)
) ENGINE=InnoDB DEFAULT CHARSET=utf8;

-- --------------------------------------------------------

--
-- Tabellstruktur `l3kop_finder_links_terms9`
--

CREATE TABLE IF NOT EXISTS `l3kop_finder_links_terms9` (
  `link_id` int(10) unsigned NOT NULL,
  `term_id` int(10) unsigned NOT NULL,
  `weight` float unsigned NOT NULL,
  PRIMARY KEY (`link_id`,`term_id`),
  KEY `idx_term_weight` (`term_id`,`weight`),
  KEY `idx_link_term_weight` (`link_id`,`term_id`,`weight`)
) ENGINE=InnoDB DEFAULT CHARSET=utf8;

-- --------------------------------------------------------

--
-- Tabellstruktur `l3kop_finder_links_termsa`
--

CREATE TABLE IF NOT EXISTS `l3kop_finder_links_termsa` (
  `link_id` int(10) unsigned NOT NULL,
  `term_id` int(10) unsigned NOT NULL,
  `weight` float unsigned NOT NULL,
  PRIMARY KEY (`link_id`,`term_id`),
  KEY `idx_term_weight` (`term_id`,`weight`),
  KEY `idx_link_term_weight` (`link_id`,`term_id`,`weight`)
) ENGINE=InnoDB DEFAULT CHARSET=utf8;

-- --------------------------------------------------------

--
-- Tabellstruktur `l3kop_finder_links_termsb`
--

CREATE TABLE IF NOT EXISTS `l3kop_finder_links_termsb` (
  `link_id` int(10) unsigned NOT NULL,
  `term_id` int(10) unsigned NOT NULL,
  `weight` float unsigned NOT NULL,
  PRIMARY KEY (`link_id`,`term_id`),
  KEY `idx_term_weight` (`term_id`,`weight`),
  KEY `idx_link_term_weight` (`link_id`,`term_id`,`weight`)
) ENGINE=InnoDB DEFAULT CHARSET=utf8;

-- --------------------------------------------------------

--
-- Tabellstruktur `l3kop_finder_links_termsc`
--

CREATE TABLE IF NOT EXISTS `l3kop_finder_links_termsc` (
  `link_id` int(10) unsigned NOT NULL,
  `term_id` int(10) unsigned NOT NULL,
  `weight` float unsigned NOT NULL,
  PRIMARY KEY (`link_id`,`term_id`),
  KEY `idx_term_weight` (`term_id`,`weight`),
  KEY `idx_link_term_weight` (`link_id`,`term_id`,`weight`)
) ENGINE=InnoDB DEFAULT CHARSET=utf8;

-- --------------------------------------------------------

--
-- Tabellstruktur `l3kop_finder_links_termsd`
--

CREATE TABLE IF NOT EXISTS `l3kop_finder_links_termsd` (
  `link_id` int(10) unsigned NOT NULL,
  `term_id` int(10) unsigned NOT NULL,
  `weight` float unsigned NOT NULL,
  PRIMARY KEY (`link_id`,`term_id`),
  KEY `idx_term_weight` (`term_id`,`weight`),
  KEY `idx_link_term_weight` (`link_id`,`term_id`,`weight`)
) ENGINE=InnoDB DEFAULT CHARSET=utf8;

-- --------------------------------------------------------

--
-- Tabellstruktur `l3kop_finder_links_termse`
--

CREATE TABLE IF NOT EXISTS `l3kop_finder_links_termse` (
  `link_id` int(10) unsigned NOT NULL,
  `term_id` int(10) unsigned NOT NULL,
  `weight` float unsigned NOT NULL,
  PRIMARY KEY (`link_id`,`term_id`),
  KEY `idx_term_weight` (`term_id`,`weight`),
  KEY `idx_link_term_weight` (`link_id`,`term_id`,`weight`)
) ENGINE=InnoDB DEFAULT CHARSET=utf8;

-- --------------------------------------------------------

--
-- Tabellstruktur `l3kop_finder_links_termsf`
--

CREATE TABLE IF NOT EXISTS `l3kop_finder_links_termsf` (
  `link_id` int(10) unsigned NOT NULL,
  `term_id` int(10) unsigned NOT NULL,
  `weight` float unsigned NOT NULL,
  PRIMARY KEY (`link_id`,`term_id`),
  KEY `idx_term_weight` (`term_id`,`weight`),
  KEY `idx_link_term_weight` (`link_id`,`term_id`,`weight`)
) ENGINE=InnoDB DEFAULT CHARSET=utf8;

-- --------------------------------------------------------

--
-- Tabellstruktur `l3kop_finder_taxonomy`
--

CREATE TABLE IF NOT EXISTS `l3kop_finder_taxonomy` (
  `id` int(10) unsigned NOT NULL AUTO_INCREMENT,
  `parent_id` int(10) unsigned NOT NULL DEFAULT '0',
  `title` varchar(255) NOT NULL,
  `state` tinyint(1) unsigned NOT NULL DEFAULT '1',
  `access` tinyint(1) unsigned NOT NULL DEFAULT '0',
  `ordering` tinyint(1) unsigned NOT NULL DEFAULT '0',
  PRIMARY KEY (`id`),
  KEY `parent_id` (`parent_id`),
  KEY `state` (`state`),
  KEY `ordering` (`ordering`),
  KEY `access` (`access`),
  KEY `idx_parent_published` (`parent_id`,`state`,`access`)
) ENGINE=InnoDB  DEFAULT CHARSET=utf8 AUTO_INCREMENT=2 ;

--
-- Dumpning av Data i tabell `l3kop_finder_taxonomy`
--

INSERT INTO `l3kop_finder_taxonomy` (`id`, `parent_id`, `title`, `state`, `access`, `ordering`) VALUES
(1, 0, 'ROOT', 0, 0, 0);

-- --------------------------------------------------------

--
-- Tabellstruktur `l3kop_finder_taxonomy_map`
--

CREATE TABLE IF NOT EXISTS `l3kop_finder_taxonomy_map` (
  `link_id` int(10) unsigned NOT NULL,
  `node_id` int(10) unsigned NOT NULL,
  PRIMARY KEY (`link_id`,`node_id`),
  KEY `link_id` (`link_id`),
  KEY `node_id` (`node_id`)
) ENGINE=InnoDB DEFAULT CHARSET=utf8;

-- --------------------------------------------------------

--
-- Tabellstruktur `l3kop_finder_terms`
--

CREATE TABLE IF NOT EXISTS `l3kop_finder_terms` (
  `term_id` int(10) unsigned NOT NULL AUTO_INCREMENT,
  `term` varchar(75) NOT NULL,
  `stem` varchar(75) NOT NULL,
  `common` tinyint(1) unsigned NOT NULL DEFAULT '0',
  `phrase` tinyint(1) unsigned NOT NULL DEFAULT '0',
  `weight` float unsigned NOT NULL DEFAULT '0',
  `soundex` varchar(75) NOT NULL,
  `links` int(10) NOT NULL DEFAULT '0',
  PRIMARY KEY (`term_id`),
  UNIQUE KEY `idx_term` (`term`),
  KEY `idx_term_phrase` (`term`,`phrase`),
  KEY `idx_stem_phrase` (`stem`,`phrase`),
  KEY `idx_soundex_phrase` (`soundex`,`phrase`)
) ENGINE=InnoDB DEFAULT CHARSET=utf8 AUTO_INCREMENT=1 ;

-- --------------------------------------------------------

--
-- Tabellstruktur `l3kop_finder_terms_common`
--

CREATE TABLE IF NOT EXISTS `l3kop_finder_terms_common` (
  `term` varchar(75) NOT NULL,
  `language` varchar(3) NOT NULL,
  KEY `idx_word_lang` (`term`,`language`),
  KEY `idx_lang` (`language`)
) ENGINE=InnoDB DEFAULT CHARSET=utf8;

--
-- Dumpning av Data i tabell `l3kop_finder_terms_common`
--

INSERT INTO `l3kop_finder_terms_common` (`term`, `language`) VALUES
('a', 'en'),
('about', 'en'),
('after', 'en'),
('ago', 'en'),
('all', 'en'),
('am', 'en'),
('an', 'en'),
('and', 'en'),
('ani', 'en'),
('any', 'en'),
('are', 'en'),
('aren''t', 'en'),
('as', 'en'),
('at', 'en'),
('be', 'en'),
('but', 'en'),
('by', 'en'),
('for', 'en'),
('from', 'en'),
('get', 'en'),
('go', 'en'),
('how', 'en'),
('if', 'en'),
('in', 'en'),
('into', 'en'),
('is', 'en'),
('isn''t', 'en'),
('it', 'en'),
('its', 'en'),
('me', 'en'),
('more', 'en'),
('most', 'en'),
('must', 'en'),
('my', 'en'),
('new', 'en'),
('no', 'en'),
('none', 'en'),
('not', 'en'),
('noth', 'en'),
('nothing', 'en'),
('of', 'en'),
('off', 'en'),
('often', 'en'),
('old', 'en'),
('on', 'en'),
('onc', 'en'),
('once', 'en'),
('onli', 'en'),
('only', 'en'),
('or', 'en'),
('other', 'en'),
('our', 'en'),
('ours', 'en'),
('out', 'en'),
('over', 'en'),
('page', 'en'),
('she', 'en'),
('should', 'en'),
('small', 'en'),
('so', 'en'),
('some', 'en'),
('than', 'en'),
('thank', 'en'),
('that', 'en'),
('the', 'en'),
('their', 'en'),
('theirs', 'en'),
('them', 'en'),
('then', 'en'),
('there', 'en'),
('these', 'en'),
('they', 'en'),
('this', 'en'),
('those', 'en'),
('thus', 'en'),
('time', 'en'),
('times', 'en'),
('to', 'en'),
('too', 'en'),
('true', 'en'),
('under', 'en'),
('until', 'en'),
('up', 'en'),
('upon', 'en'),
('use', 'en'),
('user', 'en'),
('users', 'en'),
('veri', 'en'),
('version', 'en'),
('very', 'en'),
('via', 'en'),
('want', 'en'),
('was', 'en'),
('way', 'en'),
('were', 'en'),
('what', 'en'),
('when', 'en'),
('where', 'en'),
('whi', 'en'),
('which', 'en'),
('who', 'en'),
('whom', 'en'),
('whose', 'en'),
('why', 'en'),
('wide', 'en'),
('will', 'en'),
('with', 'en'),
('within', 'en'),
('without', 'en'),
('would', 'en'),
('yes', 'en'),
('yet', 'en'),
('you', 'en'),
('your', 'en'),
('yours', 'en');

-- --------------------------------------------------------

--
-- Tabellstruktur `l3kop_finder_tokens`
--

CREATE TABLE IF NOT EXISTS `l3kop_finder_tokens` (
  `term` varchar(75) NOT NULL,
  `stem` varchar(75) NOT NULL,
  `common` tinyint(1) unsigned NOT NULL DEFAULT '0',
  `phrase` tinyint(1) unsigned NOT NULL DEFAULT '0',
  `weight` float unsigned NOT NULL DEFAULT '1',
  `context` tinyint(1) unsigned NOT NULL DEFAULT '2',
  KEY `idx_word` (`term`),
  KEY `idx_context` (`context`)
) ENGINE=MEMORY DEFAULT CHARSET=utf8;

-- --------------------------------------------------------

--
-- Tabellstruktur `l3kop_finder_tokens_aggregate`
--

CREATE TABLE IF NOT EXISTS `l3kop_finder_tokens_aggregate` (
  `term_id` int(10) unsigned NOT NULL,
  `map_suffix` char(1) NOT NULL,
  `term` varchar(75) NOT NULL,
  `stem` varchar(75) NOT NULL,
  `common` tinyint(1) unsigned NOT NULL DEFAULT '0',
  `phrase` tinyint(1) unsigned NOT NULL DEFAULT '0',
  `term_weight` float unsigned NOT NULL,
  `context` tinyint(1) unsigned NOT NULL DEFAULT '2',
  `context_weight` float unsigned NOT NULL,
  `total_weight` float unsigned NOT NULL,
  KEY `token` (`term`),
  KEY `keyword_id` (`term_id`)
) ENGINE=MEMORY DEFAULT CHARSET=utf8;

-- --------------------------------------------------------

--
-- Tabellstruktur `l3kop_finder_types`
--

CREATE TABLE IF NOT EXISTS `l3kop_finder_types` (
  `id` int(10) unsigned NOT NULL AUTO_INCREMENT,
  `title` varchar(100) NOT NULL,
  `mime` varchar(100) NOT NULL,
  PRIMARY KEY (`id`),
  UNIQUE KEY `title` (`title`)
) ENGINE=InnoDB DEFAULT CHARSET=utf8 AUTO_INCREMENT=1 ;

-- --------------------------------------------------------

--
-- Tabellstruktur `l3kop_languages`
--

CREATE TABLE IF NOT EXISTS `l3kop_languages` (
  `lang_id` int(11) unsigned NOT NULL AUTO_INCREMENT,
  `lang_code` char(7) NOT NULL,
  `title` varchar(50) NOT NULL,
  `title_native` varchar(50) NOT NULL,
  `sef` varchar(50) NOT NULL,
  `image` varchar(50) NOT NULL,
  `description` varchar(512) NOT NULL,
  `metakey` text NOT NULL,
  `metadesc` text NOT NULL,
  `sitename` varchar(1024) NOT NULL DEFAULT '',
  `published` int(11) NOT NULL DEFAULT '0',
  `access` int(10) unsigned NOT NULL DEFAULT '0',
  `ordering` int(11) NOT NULL DEFAULT '0',
  PRIMARY KEY (`lang_id`),
  UNIQUE KEY `idx_sef` (`sef`),
  UNIQUE KEY `idx_image` (`image`),
  UNIQUE KEY `idx_langcode` (`lang_code`),
  KEY `idx_access` (`access`),
  KEY `idx_ordering` (`ordering`)
) ENGINE=InnoDB  DEFAULT CHARSET=utf8 AUTO_INCREMENT=2 ;

--
-- Dumpning av Data i tabell `l3kop_languages`
--

INSERT INTO `l3kop_languages` (`lang_id`, `lang_code`, `title`, `title_native`, `sef`, `image`, `description`, `metakey`, `metadesc`, `sitename`, `published`, `access`, `ordering`) VALUES
(1, 'en-GB', 'English (UK)', 'English (UK)', 'en', 'en', '', '', '', '', 1, 0, 1);

-- --------------------------------------------------------

--
-- Tabellstruktur `l3kop_menu`
--

CREATE TABLE IF NOT EXISTS `l3kop_menu` (
  `id` int(11) NOT NULL AUTO_INCREMENT,
  `menutype` varchar(24) NOT NULL COMMENT 'The type of menu this item belongs to. FK to #__menu_types.menutype',
  `title` varchar(255) NOT NULL COMMENT 'The display title of the menu item.',
  `alias` varchar(255) CHARACTER SET utf8 COLLATE utf8_bin NOT NULL COMMENT 'The SEF alias of the menu item.',
  `note` varchar(255) NOT NULL DEFAULT '',
  `path` varchar(1024) NOT NULL COMMENT 'The computed path of the menu item based on the alias field.',
  `link` varchar(1024) NOT NULL COMMENT 'The actually link the menu item refers to.',
  `type` varchar(16) NOT NULL COMMENT 'The type of link: Component, URL, Alias, Separator',
  `published` tinyint(4) NOT NULL DEFAULT '0' COMMENT 'The published state of the menu link.',
  `parent_id` int(10) unsigned NOT NULL DEFAULT '1' COMMENT 'The parent menu item in the menu tree.',
  `level` int(10) unsigned NOT NULL DEFAULT '0' COMMENT 'The relative level in the tree.',
  `component_id` int(10) unsigned NOT NULL DEFAULT '0' COMMENT 'FK to #__extensions.id',
  `ordering` int(11) NOT NULL DEFAULT '0' COMMENT 'The relative ordering of the menu item in the tree.',
  `checked_out` int(10) unsigned NOT NULL DEFAULT '0' COMMENT 'FK to #__users.id',
  `checked_out_time` timestamp NOT NULL DEFAULT '0000-00-00 00:00:00' COMMENT 'The time the menu item was checked out.',
  `browserNav` tinyint(4) NOT NULL DEFAULT '0' COMMENT 'The click behaviour of the link.',
  `access` int(10) unsigned NOT NULL DEFAULT '0' COMMENT 'The access level required to view the menu item.',
  `img` varchar(255) NOT NULL COMMENT 'The image of the menu item.',
  `template_style_id` int(10) unsigned NOT NULL DEFAULT '0',
  `params` text NOT NULL COMMENT 'JSON encoded data for the menu item.',
  `lft` int(11) NOT NULL DEFAULT '0' COMMENT 'Nested set lft.',
  `rgt` int(11) NOT NULL DEFAULT '0' COMMENT 'Nested set rgt.',
  `home` tinyint(3) unsigned NOT NULL DEFAULT '0' COMMENT 'Indicates if this menu item is the home or default page.',
  `language` char(7) NOT NULL DEFAULT '',
  `client_id` tinyint(4) NOT NULL DEFAULT '0',
  PRIMARY KEY (`id`),
  UNIQUE KEY `idx_client_id_parent_id_alias_language` (`client_id`,`parent_id`,`alias`,`language`),
  KEY `idx_componentid` (`component_id`,`menutype`,`published`,`access`),
  KEY `idx_menutype` (`menutype`),
  KEY `idx_left_right` (`lft`,`rgt`),
  KEY `idx_alias` (`alias`),
  KEY `idx_path` (`path`(255)),
  KEY `idx_language` (`language`)
) ENGINE=InnoDB  DEFAULT CHARSET=utf8 AUTO_INCREMENT=128 ;

--
-- Dumpning av Data i tabell `l3kop_menu`
--

INSERT INTO `l3kop_menu` (`id`, `menutype`, `title`, `alias`, `note`, `path`, `link`, `type`, `published`, `parent_id`, `level`, `component_id`, `ordering`, `checked_out`, `checked_out_time`, `browserNav`, `access`, `img`, `template_style_id`, `params`, `lft`, `rgt`, `home`, `language`, `client_id`) VALUES
(1, '', 'Menu_Item_Root', 'root', '', '', '', '', 1, 0, 0, 0, 0, 0, '0000-00-00 00:00:00', 0, 0, '', 0, '', 0, 95, 0, '*', 0),
(2, 'menu', 'com_banners', 'Banners', '', 'Banners', 'index.php?option=com_banners', 'component', 0, 1, 1, 4, 0, 0, '0000-00-00 00:00:00', 0, 0, 'class:banners', 0, '', 1, 10, 0, '*', 1),
(3, 'menu', 'com_banners', 'Banners', '', 'Banners/Banners', 'index.php?option=com_banners', 'component', 0, 2, 2, 4, 0, 0, '0000-00-00 00:00:00', 0, 0, 'class:banners', 0, '', 2, 3, 0, '*', 1),
(4, 'menu', 'com_banners_categories', 'Categories', '', 'Banners/Categories', 'index.php?option=com_categories&extension=com_banners', 'component', 0, 2, 2, 6, 0, 0, '0000-00-00 00:00:00', 0, 0, 'class:banners-cat', 0, '', 4, 5, 0, '*', 1),
(5, 'menu', 'com_banners_clients', 'Clients', '', 'Banners/Clients', 'index.php?option=com_banners&view=clients', 'component', 0, 2, 2, 4, 0, 0, '0000-00-00 00:00:00', 0, 0, 'class:banners-clients', 0, '', 6, 7, 0, '*', 1),
(6, 'menu', 'com_banners_tracks', 'Tracks', '', 'Banners/Tracks', 'index.php?option=com_banners&view=tracks', 'component', 0, 2, 2, 4, 0, 0, '0000-00-00 00:00:00', 0, 0, 'class:banners-tracks', 0, '', 8, 9, 0, '*', 1),
(7, 'menu', 'com_contact', 'Contacts', '', 'Contacts', 'index.php?option=com_contact', 'component', 0, 1, 1, 8, 0, 0, '0000-00-00 00:00:00', 0, 0, 'class:contact', 0, '', 11, 16, 0, '*', 1),
(8, 'menu', 'com_contact', 'Contacts', '', 'Contacts/Contacts', 'index.php?option=com_contact', 'component', 0, 7, 2, 8, 0, 0, '0000-00-00 00:00:00', 0, 0, 'class:contact', 0, '', 12, 13, 0, '*', 1),
(9, 'menu', 'com_contact_categories', 'Categories', '', 'Contacts/Categories', 'index.php?option=com_categories&extension=com_contact', 'component', 0, 7, 2, 6, 0, 0, '0000-00-00 00:00:00', 0, 0, 'class:contact-cat', 0, '', 14, 15, 0, '*', 1),
(10, 'menu', 'com_messages', 'Messaging', '', 'Messaging', 'index.php?option=com_messages', 'component', 0, 1, 1, 15, 0, 0, '0000-00-00 00:00:00', 0, 0, 'class:messages', 0, '', 17, 22, 0, '*', 1),
(11, 'menu', 'com_messages_add', 'New Private Message', '', 'Messaging/New Private Message', 'index.php?option=com_messages&task=message.add', 'component', 0, 10, 2, 15, 0, 0, '0000-00-00 00:00:00', 0, 0, 'class:messages-add', 0, '', 18, 19, 0, '*', 1),
(12, 'menu', 'com_messages_read', 'Read Private Message', '', 'Messaging/Read Private Message', 'index.php?option=com_messages', 'component', 0, 10, 2, 15, 0, 0, '0000-00-00 00:00:00', 0, 0, 'class:messages-read', 0, '', 20, 21, 0, '*', 1),
(13, 'menu', 'com_newsfeeds', 'News Feeds', '', 'News Feeds', 'index.php?option=com_newsfeeds', 'component', 0, 1, 1, 17, 0, 0, '0000-00-00 00:00:00', 0, 0, 'class:newsfeeds', 0, '', 23, 28, 0, '*', 1),
(14, 'menu', 'com_newsfeeds_feeds', 'Feeds', '', 'News Feeds/Feeds', 'index.php?option=com_newsfeeds', 'component', 0, 13, 2, 17, 0, 0, '0000-00-00 00:00:00', 0, 0, 'class:newsfeeds', 0, '', 24, 25, 0, '*', 1),
(15, 'menu', 'com_newsfeeds_categories', 'Categories', '', 'News Feeds/Categories', 'index.php?option=com_categories&extension=com_newsfeeds', 'component', 0, 13, 2, 6, 0, 0, '0000-00-00 00:00:00', 0, 0, 'class:newsfeeds-cat', 0, '', 26, 27, 0, '*', 1),
(16, 'menu', 'com_redirect', 'Redirect', '', 'Redirect', 'index.php?option=com_redirect', 'component', 0, 1, 1, 24, 0, 0, '0000-00-00 00:00:00', 0, 0, 'class:redirect', 0, '', 41, 42, 0, '*', 1),
(17, 'menu', 'com_search', 'Basic Search', '', 'Basic Search', 'index.php?option=com_search', 'component', 0, 1, 1, 19, 0, 0, '0000-00-00 00:00:00', 0, 0, 'class:search', 0, '', 33, 34, 0, '*', 1),
(18, 'menu', 'com_weblinks', 'Weblinks', '', 'Weblinks', 'index.php?option=com_weblinks', 'component', 0, 1, 1, 21, 0, 0, '0000-00-00 00:00:00', 0, 0, 'class:weblinks', 0, '', 35, 40, 0, '*', 1),
(19, 'menu', 'com_weblinks_links', 'Links', '', 'Weblinks/Links', 'index.php?option=com_weblinks', 'component', 0, 18, 2, 21, 0, 0, '0000-00-00 00:00:00', 0, 0, 'class:weblinks', 0, '', 36, 37, 0, '*', 1),
(20, 'menu', 'com_weblinks_categories', 'Categories', '', 'Weblinks/Categories', 'index.php?option=com_categories&extension=com_weblinks', 'component', 0, 18, 2, 6, 0, 0, '0000-00-00 00:00:00', 0, 0, 'class:weblinks-cat', 0, '', 38, 39, 0, '*', 1),
(21, 'menu', 'com_finder', 'Smart Search', '', 'Smart Search', 'index.php?option=com_finder', 'component', 0, 1, 1, 27, 0, 0, '0000-00-00 00:00:00', 0, 0, 'class:finder', 0, '', 31, 32, 0, '*', 1),
(22, 'menu', 'com_joomlaupdate', 'Joomla! Update', '', 'Joomla! Update', 'index.php?option=com_joomlaupdate', 'component', 0, 1, 1, 28, 0, 0, '0000-00-00 00:00:00', 0, 0, 'class:joomlaupdate', 0, '', 41, 42, 0, '*', 1),
(101, 'mainmenu', 'Accueil', 'accueil', '', 'accueil', 'index.php?option=com_content&view=featured', 'component', 1, 1, 1, 22, 0, 0, '0000-00-00 00:00:00', 0, 1, '', 0, '{"featured_categories":["13"],"layout_type":"blog","num_leading_articles":"","num_intro_articles":"","num_columns":"","num_links":"","multi_column_order":"","orderby_pri":"","orderby_sec":"order","order_date":"","show_pagination":"","show_pagination_results":"","show_title":"","link_titles":"","show_intro":"","show_category":"","link_category":"","show_parent_category":"","link_parent_category":"","show_author":"","link_author":"","show_create_date":"","show_modify_date":"","show_publish_date":"","show_item_navigation":"","show_vote":"","show_readmore":"","show_readmore_title":"","show_icons":"","show_print_icon":"","show_email_icon":"","show_hits":"","show_noauth":"","show_feed_link":"","feed_summary":"","menu-anchor_title":"","menu-anchor_css":"","menu_image":"","menu_text":1,"page_title":"","show_page_heading":0,"page_heading":"","pageclass_sfx":"","menu-meta_description":"","menu-meta_keywords":"","robots":"","secure":0}', 29, 30, 1, '*', 0),
(102, 'mainmenu', 'Qui sommes-nous?', 'qui-sommes-nous', '', 'qui-sommes-nous', 'index.php?option=com_content&view=article&id=2', 'component', 1, 1, 1, 22, 0, 0, '0000-00-00 00:00:00', 0, 1, '', 0, '{"show_title":"","link_titles":"","show_intro":"","show_category":"","link_category":"","show_parent_category":"","link_parent_category":"","show_author":"","link_author":"","show_create_date":"","show_modify_date":"","show_publish_date":"","show_item_navigation":"","show_vote":"","show_icons":"","show_print_icon":"","show_email_icon":"","show_hits":"","show_noauth":"","urls_position":"","menu-anchor_title":"","menu-anchor_css":"","menu_image":"","menu_text":1,"page_title":"","show_page_heading":0,"page_heading":"","pageclass_sfx":"","menu-meta_description":"","menu-meta_keywords":"","robots":"","secure":0}', 43, 52, 0, '*', 0),
(103, 'mainmenu', 'Edification', 'edification', '', 'edification', 'index.php?option=com_content&view=article&id=22', 'component', 1, 1, 1, 22, 0, 0, '0000-00-00 00:00:00', 0, 1, '', 0, '{"show_title":"","link_titles":"","show_intro":"","show_category":"","link_category":"","show_parent_category":"","link_parent_category":"","show_author":"","link_author":"","show_create_date":"","show_modify_date":"","show_publish_date":"","show_item_navigation":"","show_vote":"","show_icons":"","show_print_icon":"","show_email_icon":"","show_hits":"","show_noauth":"","urls_position":"","menu-anchor_title":"","menu-anchor_css":"","menu_image":"","menu_text":1,"page_title":"","show_page_heading":0,"page_heading":"","pageclass_sfx":"","menu-meta_description":"","menu-meta_keywords":"","robots":"","secure":0}', 53, 62, 0, '*', 0),
(104, 'mainmenu', 'Evénement', 'evenement', '', 'evenement', 'index.php?option=com_content&view=article&id=3', 'component', 1, 1, 1, 22, 0, 0, '0000-00-00 00:00:00', 0, 1, '', 0, '{"show_title":"","link_titles":"","show_intro":"","show_category":"","link_category":"","show_parent_category":"","link_parent_category":"","show_author":"","link_author":"","show_create_date":"","show_modify_date":"","show_publish_date":"","show_item_navigation":"","show_vote":"","show_icons":"","show_print_icon":"","show_email_icon":"","show_hits":"","show_noauth":"","urls_position":"","menu-anchor_title":"","menu-anchor_css":"","menu_image":"","menu_text":1,"page_title":"","show_page_heading":0,"page_heading":"","pageclass_sfx":"","menu-meta_description":"","menu-meta_keywords":"","robots":"","secure":0}', 63, 64, 0, '*', 0),
(105, 'mainmenu', 'Allo Pasteur', 'allo-pasteur', '', 'allo-pasteur', 'index.php?option=com_content&view=article&id=4', 'component', 1, 1, 1, 22, 0, 0, '0000-00-00 00:00:00', 0, 1, '', 0, '{"show_title":"","link_titles":"","show_intro":"","show_category":"","link_category":"","show_parent_category":"","link_parent_category":"","show_author":"","link_author":"","show_create_date":"","show_modify_date":"","show_publish_date":"","show_item_navigation":"","show_vote":"","show_icons":"","show_print_icon":"","show_email_icon":"","show_hits":"","show_noauth":"","urls_position":"","menu-anchor_title":"","menu-anchor_css":"","menu_image":"","menu_text":1,"page_title":"","show_page_heading":0,"page_heading":"","pageclass_sfx":"","menu-meta_description":"","menu-meta_keywords":"","robots":"","secure":0}', 65, 72, 0, '*', 0),
(106, 'mainmenu', 'Boutique', 'boutique', '', 'boutique', 'index.php?option=com_content&view=article&id=5', 'component', 1, 1, 1, 22, 0, 0, '0000-00-00 00:00:00', 0, 1, '', 0, '{"show_title":"","link_titles":"","show_intro":"","show_category":"","link_category":"","show_parent_category":"","link_parent_category":"","show_author":"","link_author":"","show_create_date":"","show_modify_date":"","show_publish_date":"","show_item_navigation":"","show_vote":"","show_icons":"","show_print_icon":"","show_email_icon":"","show_hits":"","show_noauth":"","urls_position":"","menu-anchor_title":"","menu-anchor_css":"","menu_image":"","menu_text":1,"page_title":"","show_page_heading":0,"page_heading":"","pageclass_sfx":"","menu-meta_description":"","menu-meta_keywords":"","robots":"","secure":0}', 73, 74, 0, '*', 0),
(107, 'mainmenu', 'Archives', 'archives', '', 'archives', 'index.php?option=com_content&view=article&id=6', 'component', 1, 1, 1, 22, 0, 0, '0000-00-00 00:00:00', 0, 1, '', 0, '{"show_title":"","link_titles":"","show_intro":"","show_category":"","link_category":"","show_parent_category":"","link_parent_category":"","show_author":"","link_author":"","show_create_date":"","show_modify_date":"","show_publish_date":"","show_item_navigation":"","show_vote":"","show_icons":"","show_print_icon":"","show_email_icon":"","show_hits":"","show_noauth":"","urls_position":"","menu-anchor_title":"","menu-anchor_css":"","menu_image":"","menu_text":1,"page_title":"","show_page_heading":0,"page_heading":"","pageclass_sfx":"","menu-meta_description":"","menu-meta_keywords":"","robots":"","secure":0}', 75, 76, 0, '*', 0),
(108, 'mainmenu', 'Contact', 'contact', '', 'contact', 'index.php?option=com_content&view=article&id=7', 'component', 1, 1, 1, 22, 0, 0, '0000-00-00 00:00:00', 0, 1, '', 0, '{"show_title":"","link_titles":"","show_intro":"","show_category":"","link_category":"","show_parent_category":"","link_parent_category":"","show_author":"","link_author":"","show_create_date":"","show_modify_date":"","show_publish_date":"","show_item_navigation":"","show_vote":"","show_icons":"","show_print_icon":"","show_email_icon":"","show_hits":"","show_noauth":"","urls_position":"","menu-anchor_title":"","menu-anchor_css":"","menu_image":"","menu_text":1,"page_title":"","show_page_heading":0,"page_heading":"","pageclass_sfx":"","menu-meta_description":"","menu-meta_keywords":"","robots":"","secure":0}', 77, 78, 0, '*', 0),
(109, 'mainmenu', 'Pasteur John Kab', 'pasteur-john-kab', '', 'qui-sommes-nous/pasteur-john-kab', 'index.php?option=com_content&view=article&id=8', 'component', 1, 102, 2, 22, 0, 0, '0000-00-00 00:00:00', 0, 1, '', 0, '{"show_title":"","link_titles":"","show_intro":"","show_category":"","link_category":"","show_parent_category":"","link_parent_category":"","show_author":"","link_author":"","show_create_date":"","show_modify_date":"","show_publish_date":"","show_item_navigation":"","show_vote":"","show_icons":"","show_print_icon":"","show_email_icon":"","show_hits":"","show_noauth":"","urls_position":"","menu-anchor_title":"","menu-anchor_css":"","menu_image":"","menu_text":1,"page_title":"","show_page_heading":0,"page_heading":"","pageclass_sfx":"","menu-meta_description":"","menu-meta_keywords":"","robots":"","secure":0}', 44, 45, 0, '*', 0),
(110, 'mainmenu', 'La vision', 'progammes', '', 'qui-sommes-nous/progammes', 'index.php?option=com_content&view=article&id=12', 'component', 1, 102, 2, 22, 0, 0, '0000-00-00 00:00:00', 0, 1, '', 0, '{"show_title":"","link_titles":"","show_intro":"","show_category":"","link_category":"","show_parent_category":"","link_parent_category":"","show_author":"","link_author":"","show_create_date":"","show_modify_date":"","show_publish_date":"","show_item_navigation":"","show_vote":"","show_icons":"","show_print_icon":"","show_email_icon":"","show_hits":"","show_noauth":"","urls_position":"","menu-anchor_title":"","menu-anchor_css":"","menu_image":"","menu_text":1,"page_title":"","show_page_heading":0,"page_heading":"","pageclass_sfx":"","menu-meta_description":"","menu-meta_keywords":"","robots":"","secure":0}', 46, 47, 0, '*', 0),
(111, 'main', 'COM_DJIMAGESLIDER', 'com-djimageslider', '', 'com-djimageslider', 'index.php?option=com_djimageslider', 'component', 0, 1, 1, 10001, 0, 0, '0000-00-00 00:00:00', 0, 1, 'components/com_djimageslider/assets/icon-16-djimageslider.png', 0, '', 79, 84, 0, '', 1),
(112, 'main', 'COM_DJIMAGESLIDER_SLIDES', 'com-djimageslider-slides', '', 'com-djimageslider/com-djimageslider-slides', 'index.php?option=com_djimageslider&view=items', 'component', 0, 111, 2, 10001, 0, 0, '0000-00-00 00:00:00', 0, 1, 'components/com_djimageslider/assets/icon-16-menu-slides.png', 0, '', 80, 81, 0, '', 1),
(113, 'main', 'COM_DJIMAGESLIDER_CATEGORIES', 'com-djimageslider-categories', '', 'com-djimageslider/com-djimageslider-categories', 'index.php?option=com_categories&extension=com_djimageslider', 'component', 0, 111, 2, 10001, 0, 0, '0000-00-00 00:00:00', 0, 1, 'class:category', 0, '', 82, 83, 0, '', 1),
(114, 'main', 'JCE', 'jce', '', 'jce', 'index.php?option=com_jce', 'component', 0, 1, 1, 10006, 0, 0, '0000-00-00 00:00:00', 0, 1, 'components/com_jce/media/img/menu/logo.png', 0, '', 85, 94, 0, '', 1),
(115, 'main', 'WF_MENU_CPANEL', 'wf-menu-cpanel', '', 'jce/wf-menu-cpanel', 'index.php?option=com_jce', 'component', 0, 114, 2, 10006, 0, 0, '0000-00-00 00:00:00', 0, 1, 'components/com_jce/media/img/menu/jce-cpanel.png', 0, '', 86, 87, 0, '', 1),
(116, 'main', 'WF_MENU_CONFIG', 'wf-menu-config', '', 'jce/wf-menu-config', 'index.php?option=com_jce&view=config', 'component', 0, 114, 2, 10006, 0, 0, '0000-00-00 00:00:00', 0, 1, 'components/com_jce/media/img/menu/jce-config.png', 0, '', 88, 89, 0, '', 1),
(117, 'main', 'WF_MENU_PROFILES', 'wf-menu-profiles', '', 'jce/wf-menu-profiles', 'index.php?option=com_jce&view=profiles', 'component', 0, 114, 2, 10006, 0, 0, '0000-00-00 00:00:00', 0, 1, 'components/com_jce/media/img/menu/jce-profiles.png', 0, '', 90, 91, 0, '', 1),
(118, 'main', 'WF_MENU_INSTALL', 'wf-menu-install', '', 'jce/wf-menu-install', 'index.php?option=com_jce&view=installer', 'component', 0, 114, 2, 10006, 0, 0, '0000-00-00 00:00:00', 0, 1, 'components/com_jce/media/img/menu/jce-install.png', 0, '', 92, 93, 0, '', 1),
(119, 'mainmenu', 'Doctrine', 'doctrine', '', 'qui-sommes-nous/doctrine', 'index.php?option=com_content&view=article&id=13', 'component', 1, 102, 2, 22, 0, 0, '0000-00-00 00:00:00', 0, 1, '', 0, '{"show_title":"","link_titles":"","show_intro":"","show_category":"","link_category":"","show_parent_category":"","link_parent_category":"","show_author":"","link_author":"","show_create_date":"","show_modify_date":"","show_publish_date":"","show_item_navigation":"","show_vote":"","show_icons":"","show_print_icon":"","show_email_icon":"","show_hits":"","show_noauth":"","urls_position":"","menu-anchor_title":"","menu-anchor_css":"","menu_image":"","menu_text":1,"page_title":"","show_page_heading":0,"page_heading":"","pageclass_sfx":"","menu-meta_description":"","menu-meta_keywords":"","robots":"","secure":0}', 48, 49, 0, '*', 0),
(120, 'mainmenu', 'Organisation', 'organisation', '', 'qui-sommes-nous/organisation', 'index.php?option=com_content&view=article&id=14', 'component', 1, 102, 2, 22, 0, 0, '0000-00-00 00:00:00', 0, 1, '', 0, '{"show_title":"","link_titles":"","show_intro":"","show_category":"","link_category":"","show_parent_category":"","link_parent_category":"","show_author":"","link_author":"","show_create_date":"","show_modify_date":"","show_publish_date":"","show_item_navigation":"","show_vote":"","show_icons":"","show_print_icon":"","show_email_icon":"","show_hits":"","show_noauth":"","urls_position":"","menu-anchor_title":"","menu-anchor_css":"","menu_image":"","menu_text":1,"page_title":"","show_page_heading":0,"page_heading":"","pageclass_sfx":"","menu-meta_description":"","menu-meta_keywords":"","robots":"","secure":0}', 50, 51, 0, '*', 0),
(121, 'mainmenu', 'Vidéos', 'videos', '', 'edification/videos', 'index.php?option=com_content&view=article&id=15', 'component', 1, 103, 2, 22, 0, 0, '0000-00-00 00:00:00', 0, 1, '', 0, '{"show_title":"","link_titles":"","show_intro":"","show_category":"","link_category":"","show_parent_category":"","link_parent_category":"","show_author":"","link_author":"","show_create_date":"","show_modify_date":"","show_publish_date":"","show_item_navigation":"","show_vote":"","show_icons":"","show_print_icon":"","show_email_icon":"","show_hits":"","show_noauth":"","urls_position":"","menu-anchor_title":"","menu-anchor_css":"","menu_image":"","menu_text":1,"page_title":"","show_page_heading":0,"page_heading":"","pageclass_sfx":"","menu-meta_description":"","menu-meta_keywords":"","robots":"","secure":0}', 54, 55, 0, '*', 0),
(122, 'mainmenu', 'Formations', 'formations', '', 'edification/formations', 'index.php?option=com_content&view=article&id=16', 'component', 1, 103, 2, 22, 0, 0, '0000-00-00 00:00:00', 0, 1, '', 0, '{"show_title":"","link_titles":"","show_intro":"","show_category":"","link_category":"","show_parent_category":"","link_parent_category":"","show_author":"","link_author":"","show_create_date":"","show_modify_date":"","show_publish_date":"","show_item_navigation":"","show_vote":"","show_icons":"","show_print_icon":"","show_email_icon":"","show_hits":"","show_noauth":"","urls_position":"","menu-anchor_title":"","menu-anchor_css":"","menu_image":"","menu_text":1,"page_title":"","show_page_heading":0,"page_heading":"","pageclass_sfx":"","menu-meta_description":"","menu-meta_keywords":"","robots":"","secure":0}', 56, 57, 0, '*', 0),
(123, 'mainmenu', 'Enseignements ', 'enseignements-textes', '', 'edification/enseignements-textes', 'index.php?option=com_content&view=article&id=17', 'component', 1, 103, 2, 22, 0, 0, '0000-00-00 00:00:00', 0, 1, '', 0, '{"show_title":"","link_titles":"","show_intro":"","show_category":"","link_category":"","show_parent_category":"","link_parent_category":"","show_author":"","link_author":"","show_create_date":"","show_modify_date":"","show_publish_date":"","show_item_navigation":"","show_vote":"","show_icons":"","show_print_icon":"","show_email_icon":"","show_hits":"","show_noauth":"","urls_position":"","menu-anchor_title":"","menu-anchor_css":"","menu_image":"","menu_text":1,"page_title":"","show_page_heading":0,"page_heading":"","pageclass_sfx":"","menu-meta_description":"","menu-meta_keywords":"","robots":"","secure":0}', 58, 59, 0, '*', 0),
(124, 'mainmenu', 'Emissions', 'emissions', '', 'edification/emissions', 'index.php?option=com_content&view=article&id=18', 'component', 1, 103, 2, 22, 0, 0, '0000-00-00 00:00:00', 0, 1, '', 0, '{"show_title":"","link_titles":"","show_intro":"","show_category":"","link_category":"","show_parent_category":"","link_parent_category":"","show_author":"","link_author":"","show_create_date":"","show_modify_date":"","show_publish_date":"","show_item_navigation":"","show_vote":"","show_icons":"","show_print_icon":"","show_email_icon":"","show_hits":"","show_noauth":"","urls_position":"","menu-anchor_title":"","menu-anchor_css":"","menu_image":"","menu_text":1,"page_title":"","show_page_heading":0,"page_heading":"","pageclass_sfx":"","menu-meta_description":"","menu-meta_keywords":"","robots":"","secure":0}', 60, 61, 0, '*', 0),
(125, 'mainmenu', 'Contact', 'contact', '', 'allo-pasteur/contact', 'index.php?option=com_content&view=article&id=19', 'component', 1, 105, 2, 22, 0, 0, '0000-00-00 00:00:00', 0, 1, '', 0, '{"show_title":"","link_titles":"","show_intro":"","show_category":"","link_category":"","show_parent_category":"","link_parent_category":"","show_author":"","link_author":"","show_create_date":"","show_modify_date":"","show_publish_date":"","show_item_navigation":"","show_vote":"","show_icons":"","show_print_icon":"","show_email_icon":"","show_hits":"","show_noauth":"","urls_position":"","menu-anchor_title":"","menu-anchor_css":"","menu_image":"","menu_text":1,"page_title":"","show_page_heading":0,"page_heading":"","pageclass_sfx":"","menu-meta_description":"","menu-meta_keywords":"","robots":"","secure":0}', 66, 67, 0, '*', 0),
(126, 'mainmenu', 'Membre', 'membre', '', 'allo-pasteur/membre', 'index.php?option=com_content&view=article&id=20', 'component', 1, 105, 2, 22, 0, 0, '0000-00-00 00:00:00', 0, 1, '', 0, '{"show_title":"","link_titles":"","show_intro":"","show_category":"","link_category":"","show_parent_category":"","link_parent_category":"","show_author":"","link_author":"","show_create_date":"","show_modify_date":"","show_publish_date":"","show_item_navigation":"","show_vote":"","show_icons":"","show_print_icon":"","show_email_icon":"","show_hits":"","show_noauth":"","urls_position":"","menu-anchor_title":"","menu-anchor_css":"","menu_image":"","menu_text":1,"page_title":"","show_page_heading":0,"page_heading":"","pageclass_sfx":"","menu-meta_description":"","menu-meta_keywords":"","robots":"","secure":0}', 68, 69, 0, '*', 0),
(127, 'mainmenu', 'Faire un don', 'faire-un-don', '', 'allo-pasteur/faire-un-don', 'index.php?option=com_content&view=article&id=21', 'component', 1, 105, 2, 22, 0, 0, '0000-00-00 00:00:00', 0, 1, '', 0, '{"show_title":"","link_titles":"","show_intro":"","show_category":"","link_category":"","show_parent_category":"","link_parent_category":"","show_author":"","link_author":"","show_create_date":"","show_modify_date":"","show_publish_date":"","show_item_navigation":"","show_vote":"","show_icons":"","show_print_icon":"","show_email_icon":"","show_hits":"","show_noauth":"","urls_position":"","menu-anchor_title":"","menu-anchor_css":"","menu_image":"","menu_text":1,"page_title":"","show_page_heading":0,"page_heading":"","pageclass_sfx":"","menu-meta_description":"","menu-meta_keywords":"","robots":"","secure":0}', 70, 71, 0, '*', 0);

-- --------------------------------------------------------

--
-- Tabellstruktur `l3kop_menu_types`
--

CREATE TABLE IF NOT EXISTS `l3kop_menu_types` (
  `id` int(10) unsigned NOT NULL AUTO_INCREMENT,
  `menutype` varchar(24) NOT NULL,
  `title` varchar(48) NOT NULL,
  `description` varchar(255) NOT NULL DEFAULT '',
  PRIMARY KEY (`id`),
  UNIQUE KEY `idx_menutype` (`menutype`)
) ENGINE=InnoDB  DEFAULT CHARSET=utf8 AUTO_INCREMENT=2 ;

--
-- Dumpning av Data i tabell `l3kop_menu_types`
--

INSERT INTO `l3kop_menu_types` (`id`, `menutype`, `title`, `description`) VALUES
(1, 'mainmenu', 'Main Menu', 'The main menu for the site');

-- --------------------------------------------------------

--
-- Tabellstruktur `l3kop_messages`
--

CREATE TABLE IF NOT EXISTS `l3kop_messages` (
  `message_id` int(10) unsigned NOT NULL AUTO_INCREMENT,
  `user_id_from` int(10) unsigned NOT NULL DEFAULT '0',
  `user_id_to` int(10) unsigned NOT NULL DEFAULT '0',
  `folder_id` tinyint(3) unsigned NOT NULL DEFAULT '0',
  `date_time` datetime NOT NULL DEFAULT '0000-00-00 00:00:00',
  `state` tinyint(1) NOT NULL DEFAULT '0',
  `priority` tinyint(1) unsigned NOT NULL DEFAULT '0',
  `subject` varchar(255) NOT NULL DEFAULT '',
  `message` text NOT NULL,
  PRIMARY KEY (`message_id`),
  KEY `useridto_state` (`user_id_to`,`state`)
) ENGINE=InnoDB DEFAULT CHARSET=utf8 AUTO_INCREMENT=1 ;

-- --------------------------------------------------------

--
-- Tabellstruktur `l3kop_messages_cfg`
--

CREATE TABLE IF NOT EXISTS `l3kop_messages_cfg` (
  `user_id` int(10) unsigned NOT NULL DEFAULT '0',
  `cfg_name` varchar(100) NOT NULL DEFAULT '',
  `cfg_value` varchar(255) NOT NULL DEFAULT '',
  UNIQUE KEY `idx_user_var_name` (`user_id`,`cfg_name`)
) ENGINE=InnoDB DEFAULT CHARSET=utf8;

-- --------------------------------------------------------

--
-- Tabellstruktur `l3kop_modules`
--

CREATE TABLE IF NOT EXISTS `l3kop_modules` (
  `id` int(11) NOT NULL AUTO_INCREMENT,
  `title` varchar(100) NOT NULL DEFAULT '',
  `note` varchar(255) NOT NULL DEFAULT '',
  `content` text NOT NULL,
  `ordering` int(11) NOT NULL DEFAULT '0',
  `position` varchar(50) NOT NULL DEFAULT '',
  `checked_out` int(10) unsigned NOT NULL DEFAULT '0',
  `checked_out_time` datetime NOT NULL DEFAULT '0000-00-00 00:00:00',
  `publish_up` datetime NOT NULL DEFAULT '0000-00-00 00:00:00',
  `publish_down` datetime NOT NULL DEFAULT '0000-00-00 00:00:00',
  `published` tinyint(1) NOT NULL DEFAULT '0',
  `module` varchar(50) DEFAULT NULL,
  `access` int(10) unsigned NOT NULL DEFAULT '0',
  `showtitle` tinyint(3) unsigned NOT NULL DEFAULT '1',
  `params` text NOT NULL,
  `client_id` tinyint(4) NOT NULL DEFAULT '0',
  `language` char(7) NOT NULL,
  PRIMARY KEY (`id`),
  KEY `published` (`published`,`access`),
  KEY `newsfeeds` (`module`,`published`),
  KEY `idx_language` (`language`)
) ENGINE=InnoDB  DEFAULT CHARSET=utf8 AUTO_INCREMENT=103 ;

--
-- Dumpning av Data i tabell `l3kop_modules`
--

INSERT INTO `l3kop_modules` (`id`, `title`, `note`, `content`, `ordering`, `position`, `checked_out`, `checked_out_time`, `publish_up`, `publish_down`, `published`, `module`, `access`, `showtitle`, `params`, `client_id`, `language`) VALUES
(1, 'Main Menu', '', '', 1, 'position-7', 0, '0000-00-00 00:00:00', '0000-00-00 00:00:00', '0000-00-00 00:00:00', 0, 'mod_menu', 1, 1, '{"menutype":"mainmenu","startLevel":"0","endLevel":"0","showAllChildren":"0","tag_id":"","class_sfx":"","window_open":"","layout":"","moduleclass_sfx":"_menu","cache":"1","cache_time":"900","cachemode":"itemid"}', 0, '*'),
(2, 'Login', '', '', 1, 'login', 0, '0000-00-00 00:00:00', '0000-00-00 00:00:00', '0000-00-00 00:00:00', 1, 'mod_login', 1, 1, '', 1, '*'),
(3, 'Popular Articles', '', '', 3, 'cpanel', 0, '0000-00-00 00:00:00', '0000-00-00 00:00:00', '0000-00-00 00:00:00', 1, 'mod_popular', 3, 1, '{"count":"5","catid":"","user_id":"0","layout":"_:default","moduleclass_sfx":"","cache":"0","automatic_title":"1"}', 1, '*'),
(4, 'Recently Added Articles', '', '', 4, 'cpanel', 0, '0000-00-00 00:00:00', '0000-00-00 00:00:00', '0000-00-00 00:00:00', 1, 'mod_latest', 3, 1, '{"count":"5","ordering":"c_dsc","catid":"","user_id":"0","layout":"_:default","moduleclass_sfx":"","cache":"0","automatic_title":"1"}', 1, '*'),
(8, 'Toolbar', '', '', 1, 'toolbar', 0, '0000-00-00 00:00:00', '0000-00-00 00:00:00', '0000-00-00 00:00:00', 1, 'mod_toolbar', 3, 1, '', 1, '*'),
(9, 'Quick Icons', '', '', 1, 'icon', 0, '0000-00-00 00:00:00', '0000-00-00 00:00:00', '0000-00-00 00:00:00', 1, 'mod_quickicon', 3, 1, '', 1, '*'),
(10, 'Logged-in Users', '', '', 2, 'cpanel', 0, '0000-00-00 00:00:00', '0000-00-00 00:00:00', '0000-00-00 00:00:00', 1, 'mod_logged', 3, 1, '{"count":"5","name":"1","layout":"_:default","moduleclass_sfx":"","cache":"0","automatic_title":"1"}', 1, '*'),
(12, 'Admin Menu', '', '', 1, 'menu', 0, '0000-00-00 00:00:00', '0000-00-00 00:00:00', '0000-00-00 00:00:00', 1, 'mod_menu', 3, 1, '{"layout":"","moduleclass_sfx":"","shownew":"1","showhelp":"1","cache":"0"}', 1, '*'),
(13, 'Admin Submenu', '', '', 1, 'submenu', 0, '0000-00-00 00:00:00', '0000-00-00 00:00:00', '0000-00-00 00:00:00', 1, 'mod_submenu', 3, 1, '', 1, '*'),
(14, 'User Status', '', '', 2, 'status', 0, '0000-00-00 00:00:00', '0000-00-00 00:00:00', '0000-00-00 00:00:00', 1, 'mod_status', 3, 1, '', 1, '*'),
(15, 'Title', '', '', 1, 'title', 0, '0000-00-00 00:00:00', '0000-00-00 00:00:00', '0000-00-00 00:00:00', 1, 'mod_title', 3, 1, '', 1, '*'),
(16, 'Login Form', '', '', 7, 'position-7', 0, '0000-00-00 00:00:00', '0000-00-00 00:00:00', '0000-00-00 00:00:00', 1, 'mod_login', 1, 1, '{"greeting":"1","name":"0"}', 0, '*'),
(17, 'Breadcrumbs', '', '', 1, 'position-2', 0, '0000-00-00 00:00:00', '0000-00-00 00:00:00', '0000-00-00 00:00:00', 1, 'mod_breadcrumbs', 1, 1, '{"moduleclass_sfx":"","showHome":"1","homeText":"Home","showComponent":"1","separator":"","cache":"1","cache_time":"900","cachemode":"itemid"}', 0, '*'),
(79, 'Multilanguage status', '', '', 1, 'status', 0, '0000-00-00 00:00:00', '0000-00-00 00:00:00', '0000-00-00 00:00:00', 0, 'mod_multilangstatus', 3, 1, '{"layout":"_:default","moduleclass_sfx":"","cache":"0"}', 1, '*'),
(86, 'Joomla Version', '', '', 1, 'footer', 0, '0000-00-00 00:00:00', '0000-00-00 00:00:00', '0000-00-00 00:00:00', 1, 'mod_version', 3, 1, '{"format":"short","product":"1","layout":"_:default","moduleclass_sfx":"","cache":"0"}', 1, '*'),
(87, 'mainmenu', '', '', 1, 'top', 0, '0000-00-00 00:00:00', '0000-00-00 00:00:00', '0000-00-00 00:00:00', 1, 'mod_menu', 1, 0, '{"menutype":"mainmenu","startLevel":"1","endLevel":"0","showAllChildren":"1","tag_id":"mainmenu","class_sfx":"","window_open":"","layout":"_:default","moduleclass_sfx":"","cache":"1","cache_time":"900","cachemode":"itemid"}', 0, '*'),
(88, 'Image-slider', '', '', 1, 'sliders', 0, '0000-00-00 00:00:00', '0000-00-00 00:00:00', '0000-00-00 00:00:00', 1, 'mod_djimageslider', 1, 1, '{"slider_source":"1","slider_type":"2","link_image":"1","image_folder":"images\\/sampledata\\/fruitshop","link":"","category":"11","show_title":"1","show_desc":"1","show_readmore":"0","readmore_text":"","link_title":"1","link_desc":"0","limit_desc":"","image_width":"960","image_height":"280","fit_to":"0","visible_images":"3","space_between_images":"10","max_images":"20","sort_by":"1","effect":"Cubic","autoplay":"1","show_buttons":"1","show_arrows":"1","show_custom_nav":"0","desc_width":"","desc_bottom":"0","desc_horizontal":"0","left_arrow":"","right_arrow":"","play_button":"","pause_button":"","arrows_top":"30","arrows_horizontal":"5","effect_type":"easeIn","duration":"","delay":"","preload":"800","layout":"_:default","moduleclass_sfx":"","cache":"1","cache_time":"900"}', 0, '*'),
(89, 'Page d´acceille', '', '', 0, '', 0, '0000-00-00 00:00:00', '0000-00-00 00:00:00', '0000-00-00 00:00:00', -2, 'mod_articles_news', 1, 1, '{"catid":["9"],"image":"0","item_title":"0","link_titles":"","item_heading":"h4","showLastSeparator":"1","readmore":"0","count":"5","ordering":"a.publish_up","layout":"_:default","moduleclass_sfx":"","cache":"1","cache_time":"900","cachemode":"itemid"}', 0, '*'),
(90, 'Facebook', '', '<h2>Facebook</h2>\r\n<p><img style="display: block; margin-left: auto; margin-right: auto;" alt="facebook logo 3" src="images/page_dacceuil/facebook_logo_3.png" height="75" width="100" /></p>', 1, 'siderbar', 0, '0000-00-00 00:00:00', '0000-00-00 00:00:00', '0000-00-00 00:00:00', 1, 'mod_custom', 1, 1, '{"prepare_content":"1","backgroundimage":"","layout":"_:default","moduleclass_sfx":"","cache":"1","cache_time":"900","cachemode":"static"}', 0, '*'),
(91, 'Evénement', '', '<h2>Evénement</h2>\r\n<p><a href="/index.php/evenement"><img style="display: block; margin-left: auto; margin-right: auto;" alt="evenements" src="images/evenements/evenements.jpg" height="250" width="198" /></a></p>', 1, 'siderbar', 0, '0000-00-00 00:00:00', '0000-00-00 00:00:00', '0000-00-00 00:00:00', 1, 'mod_custom', 1, 1, '{"prepare_content":"1","backgroundimage":"","layout":"_:default","moduleclass_sfx":"","cache":"1","cache_time":"900","cachemode":"static"}', 0, '*'),
(92, 'Contact', '', '<div class="content-bottom-box">\r\n<h2>Contact</h2>\r\n<p><img alt="contact" src="images/page_dacceuil/contact.jpg" height="161" width="223" /></p>\r\n</div>', 1, 'content-bottom', 0, '0000-00-00 00:00:00', '0000-00-00 00:00:00', '0000-00-00 00:00:00', 1, 'mod_custom', 1, 1, '{"prepare_content":"1","backgroundimage":"","layout":"_:default","moduleclass_sfx":"content-bottom-box","cache":"1","cache_time":"900","cachemode":"static"}', 0, '*'),
(93, 'Faire un don', '', '<div class="content-bottom-box">\r\n	<h2>Faire un don</h2>\r\n	<p>Box2</p>\r\n</div>\r\n<p>&nbsp;</p>', 1, 'content-bottom', 0, '0000-00-00 00:00:00', '0000-00-00 00:00:00', '0000-00-00 00:00:00', -2, 'mod_custom', 1, 1, '{"prepare_content":"1","backgroundimage":"","layout":"_:default","moduleclass_sfx":"","cache":"1","cache_time":"900","cachemode":"static"}', 0, '*'),
(94, 'Nos ouvrages', '', '<div class="content-bottom-box">\r\n	<h2>Nos ouvrages</h2>\r\n	<p>Box3</p>\r\n</div>', 1, 'content-bottom', 0, '0000-00-00 00:00:00', '0000-00-00 00:00:00', '0000-00-00 00:00:00', -2, 'mod_custom', 1, 1, '{"prepare_content":"1","backgroundimage":"","layout":"_:default","moduleclass_sfx":"","cache":"1","cache_time":"900","cachemode":"static"}', 0, '*'),
(95, 'Faire un don (2)', '', '<div class="content-bottom-box">\r\n	<h2>Faire un don</h2>\r\n	<p>Box2</p>\r\n</div>', 1, 'content-bottom', 0, '0000-00-00 00:00:00', '0000-00-00 00:00:00', '0000-00-00 00:00:00', -2, 'mod_custom', 1, 1, '{"prepare_content":"0","backgroundimage":"","layout":"_:default","moduleclass_sfx":"","cache":"1","cache_time":"900","cachemode":"static"}', 0, '*'),
(96, 'Nos ouvrages', '', '<div class="content-bottom-box">\r\n<h2>Nos ouvrages</h2>\r\n<p><img alt="contact" src="images/page_dacceuil/dvd.jpg" height="161" width="223" /></p>\r\n</div>', 1, 'content-bottom', 0, '0000-00-00 00:00:00', '0000-00-00 00:00:00', '0000-00-00 00:00:00', 1, 'mod_custom', 1, 1, '{"prepare_content":"1","backgroundimage":"","layout":"_:default","moduleclass_sfx":"content-bottom-box","cache":"1","cache_time":"900","cachemode":"static"}', 0, '*'),
(97, 'Faire un don', '', '<div class="content-bottom-box">\r\n<h2>Faire un don</h2>\r\n<p><img alt="fair un don" src="images/page_dacceuil/paypal.jpg" height="161" width="223" /></p>\r\n</div>', 1, 'content-bottom', 0, '0000-00-00 00:00:00', '0000-00-00 00:00:00', '0000-00-00 00:00:00', 1, 'mod_custom', 1, 1, '{"prepare_content":"1","backgroundimage":"","layout":"_:default","moduleclass_sfx":"content-bottom-box","cache":"1","cache_time":"900","cachemode":"static"}', 0, '*'),
(98, 'footer', '', '<p>© MEAC 2012 | Téléphone: +46-8751900 | Mail: info@meac.com | Adresse: Styrmansgatan 29,Stockholm,114 54</p>', 1, 'footer', 0, '0000-00-00 00:00:00', '0000-00-00 00:00:00', '0000-00-00 00:00:00', 1, 'mod_custom', 1, 1, '{"prepare_content":"1","backgroundimage":"","layout":"_:default","moduleclass_sfx":"","cache":"1","cache_time":"900","cachemode":"static"}', 0, '*'),
(99, 'Nos prédicateurs', '', '<h2>Nos prédicateurs</h2>', 1, 'siderbar', 0, '0000-00-00 00:00:00', '0000-00-00 00:00:00', '0000-00-00 00:00:00', 1, 'mod_custom', 1, 1, '{"prepare_content":"1","backgroundimage":"","layout":"_:default","moduleclass_sfx":"","cache":"1","cache_time":"900","cachemode":"static"}', 0, '*'),
(100, 'Les prédicateur', '', '', 1, 'siderbar', 0, '0000-00-00 00:00:00', '0000-00-00 00:00:00', '0000-00-00 00:00:00', 1, 'mod_djimageslider', 1, 1, '{"slider_source":"1","slider_type":"2","link_image":"1","image_folder":"images\\/sampledata\\/fruitshop","link":"","category":"14","show_title":"1","show_desc":"1","show_readmore":"0","readmore_text":"","link_title":"1","link_desc":"0","limit_desc":"","image_width":"198","image_height":"148","fit_to":"0","visible_images":"3","space_between_images":"10","max_images":"20","sort_by":"1","effect":"Circ","autoplay":"1","show_buttons":"1","show_arrows":"1","show_custom_nav":"0","desc_width":"","desc_bottom":"0","desc_horizontal":"0","left_arrow":"","right_arrow":"","play_button":"","pause_button":"","arrows_top":"30","arrows_horizontal":"5","effect_type":"easeInOut","duration":"","delay":"","preload":"300","layout":"_:default","moduleclass_sfx":"","cache":"1","cache_time":"900"}', 0, '*'),
(101, 'Inow Skitter Slideshow', '', '', 2, 'siderbar', 0, '0000-00-00 00:00:00', '0000-00-00 00:00:00', '0000-00-00 00:00:00', 0, 'mod_InowSlideShow', 1, 1, '{"moduleclass_sfx":"","slidewidth":"198","slideheight":"148","menu_style":"0","timeinterval":"1000","velocity":"1","align":"center","backgroundcolor":"#000","linktarget":"_self","linkedtitle":"no","auto_play":"yes","controls":"yes","controls_position":"center","focus":"yes","focus_position":"rightBottom","show_randomly":"no","progressbar":"yes","pbtop":"5","pbleft":"590","pbheight":"10","pbwidth":"200","pbborderradius":"2","pbbg":"#000","pbopacity":"0.7","navigation":"numbers","navigationalign":"left","arrows":"yes","hidetools":"no","arrowspos":"default","border":"0","bordercolor":"#000","labelcolor":"#fff","labelsize":"22","titlefont":"BebasNeueRegular","desccolor":"#fff","descsize":"10","descfont":"arial","bgout":"#333","colorout":"#fff","bgover":"#000","colorover":"#fff","bgactive":"#cc3333","coloractive":"#fff","show_jquery":"yes","jver":"1.5.2","load":"onmod","img1":"modules\\/mod_InowSlideShow\\/images\\/001.jpg","label1":"","desc1":"","link1":"","img2":"modules\\/mod_InowSlideShow\\/images\\/002.jpg","label2":"","desc2":"","link2":"","img3":"","label3":"","desc3":"","link3":"","img4":"","label4":"","desc4":"","link4":"","img5":"","label5":"","desc5":"","link5":"","img6":"","label6":"","desc6":"","link6":"","img7":"","label7":"","desc7":"","link7":"","img8":"","label8":"","desc8":"","link8":"","img9":"","label9":"","desc9":"","link9":"","img10":"","label10":"","desc10":"","link10":"","img11":"","label11":"","desc11":"","link11":"","img12":"","label12":"","desc12":"","link12":"","img13":"","label13":"","desc13":"","link13":"","img14":"","label14":"","desc14":"","link14":"","img15":"","label15":"","desc15":"","link15":"","img16":"","label16":"","desc16":"","link16":"","img17":"","label17":"","desc17":"","link17":"","img18":"","label18":"","desc18":"","link18":"","img19":"","label19":"","desc19":"","link19":"","img20":"","label20":"","desc20":"","link20":""}', 0, '*'),
(102, 'ARI Image Slider', '', '', 0, '', 0, '0000-00-00 00:00:00', '0000-00-00 00:00:00', '0000-00-00 00:00:00', 0, 'mod_ariimageslider', 1, 1, '', 0, '*');

-- --------------------------------------------------------

--
-- Tabellstruktur `l3kop_modules_menu`
--

CREATE TABLE IF NOT EXISTS `l3kop_modules_menu` (
  `moduleid` int(11) NOT NULL DEFAULT '0',
  `menuid` int(11) NOT NULL DEFAULT '0',
  PRIMARY KEY (`moduleid`,`menuid`)
) ENGINE=InnoDB DEFAULT CHARSET=utf8;

--
-- Dumpning av Data i tabell `l3kop_modules_menu`
--

INSERT INTO `l3kop_modules_menu` (`moduleid`, `menuid`) VALUES
(1, 0),
(2, 0),
(3, 0),
(4, 0),
(6, 0),
(7, 0),
(8, 0),
(9, 0),
(10, 0),
(12, 0),
(13, 0),
(14, 0),
(15, 0),
(16, 0),
(17, 0),
(79, 0),
(86, 0),
(87, 0),
(88, 101),
(89, 0),
(90, 101),
(91, 101),
(92, 101),
(93, 101),
(94, 101),
(95, 101),
(96, 101),
(97, 101),
(98, 0),
(99, 101),
(100, 101),
(101, 101);

-- --------------------------------------------------------

--
-- Tabellstruktur `l3kop_newsfeeds`
--

CREATE TABLE IF NOT EXISTS `l3kop_newsfeeds` (
  `catid` int(11) NOT NULL DEFAULT '0',
  `id` int(10) unsigned NOT NULL AUTO_INCREMENT,
  `name` varchar(100) NOT NULL DEFAULT '',
  `alias` varchar(255) CHARACTER SET utf8 COLLATE utf8_bin NOT NULL DEFAULT '',
  `link` varchar(200) NOT NULL DEFAULT '',
  `filename` varchar(200) DEFAULT NULL,
  `published` tinyint(1) NOT NULL DEFAULT '0',
  `numarticles` int(10) unsigned NOT NULL DEFAULT '1',
  `cache_time` int(10) unsigned NOT NULL DEFAULT '3600',
  `checked_out` int(10) unsigned NOT NULL DEFAULT '0',
  `checked_out_time` datetime NOT NULL DEFAULT '0000-00-00 00:00:00',
  `ordering` int(11) NOT NULL DEFAULT '0',
  `rtl` tinyint(4) NOT NULL DEFAULT '0',
  `access` int(10) unsigned NOT NULL DEFAULT '0',
  `language` char(7) NOT NULL DEFAULT '',
  `params` text NOT NULL,
  `created` datetime NOT NULL DEFAULT '0000-00-00 00:00:00',
  `created_by` int(10) unsigned NOT NULL DEFAULT '0',
  `created_by_alias` varchar(255) NOT NULL DEFAULT '',
  `modified` datetime NOT NULL DEFAULT '0000-00-00 00:00:00',
  `modified_by` int(10) unsigned NOT NULL DEFAULT '0',
  `metakey` text NOT NULL,
  `metadesc` text NOT NULL,
  `metadata` text NOT NULL,
  `xreference` varchar(50) NOT NULL COMMENT 'A reference to enable linkages to external data sets.',
  `publish_up` datetime NOT NULL DEFAULT '0000-00-00 00:00:00',
  `publish_down` datetime NOT NULL DEFAULT '0000-00-00 00:00:00',
  PRIMARY KEY (`id`),
  KEY `idx_access` (`access`),
  KEY `idx_checkout` (`checked_out`),
  KEY `idx_state` (`published`),
  KEY `idx_catid` (`catid`),
  KEY `idx_createdby` (`created_by`),
  KEY `idx_language` (`language`),
  KEY `idx_xreference` (`xreference`)
) ENGINE=InnoDB DEFAULT CHARSET=utf8 AUTO_INCREMENT=1 ;

-- --------------------------------------------------------

--
-- Tabellstruktur `l3kop_overrider`
--

CREATE TABLE IF NOT EXISTS `l3kop_overrider` (
  `id` int(10) NOT NULL AUTO_INCREMENT COMMENT 'Primary Key',
  `constant` varchar(255) NOT NULL,
  `string` text NOT NULL,
  `file` varchar(255) NOT NULL,
  PRIMARY KEY (`id`)
) ENGINE=InnoDB DEFAULT CHARSET=utf8 AUTO_INCREMENT=1 ;

-- --------------------------------------------------------

--
-- Tabellstruktur `l3kop_redirect_links`
--

CREATE TABLE IF NOT EXISTS `l3kop_redirect_links` (
  `id` int(10) unsigned NOT NULL AUTO_INCREMENT,
  `old_url` varchar(255) NOT NULL,
  `new_url` varchar(255) NOT NULL,
  `referer` varchar(150) NOT NULL,
  `comment` varchar(255) NOT NULL,
  `hits` int(10) unsigned NOT NULL DEFAULT '0',
  `published` tinyint(4) NOT NULL,
  `created_date` datetime NOT NULL DEFAULT '0000-00-00 00:00:00',
  `modified_date` datetime NOT NULL DEFAULT '0000-00-00 00:00:00',
  PRIMARY KEY (`id`),
  UNIQUE KEY `idx_link_old` (`old_url`),
  KEY `idx_link_modifed` (`modified_date`)
) ENGINE=InnoDB  DEFAULT CHARSET=utf8 AUTO_INCREMENT=2 ;

--
-- Dumpning av Data i tabell `l3kop_redirect_links`
--

INSERT INTO `l3kop_redirect_links` (`id`, `old_url`, `new_url`, `referer`, `comment`, `hits`, `published`, `created_date`, `modified_date`) VALUES
(1, 'http://localhost/meachrist/fr/index.php/qui-somme-nous', '', 'http://localhost/meachrist/fr/index.php/edification', '', 1, 0, '2012-11-26 04:52:15', '0000-00-00 00:00:00');

-- --------------------------------------------------------

--
-- Tabellstruktur `l3kop_schemas`
--

CREATE TABLE IF NOT EXISTS `l3kop_schemas` (
  `extension_id` int(11) NOT NULL,
  `version_id` varchar(20) NOT NULL,
  PRIMARY KEY (`extension_id`,`version_id`)
) ENGINE=InnoDB DEFAULT CHARSET=utf8;

--
-- Dumpning av Data i tabell `l3kop_schemas`
--

INSERT INTO `l3kop_schemas` (`extension_id`, `version_id`) VALUES
(700, '2.5.7'),
(10001, '2.0');

-- --------------------------------------------------------

--
-- Tabellstruktur `l3kop_session`
--

CREATE TABLE IF NOT EXISTS `l3kop_session` (
  `session_id` varchar(200) NOT NULL DEFAULT '',
  `client_id` tinyint(3) unsigned NOT NULL DEFAULT '0',
  `guest` tinyint(4) unsigned DEFAULT '1',
  `time` varchar(14) DEFAULT '',
  `data` mediumtext,
  `userid` int(11) DEFAULT '0',
  `username` varchar(150) DEFAULT '',
  `usertype` varchar(50) DEFAULT '',
  PRIMARY KEY (`session_id`),
  KEY `whosonline` (`guest`,`usertype`),
  KEY `userid` (`userid`),
  KEY `time` (`time`)
) ENGINE=InnoDB DEFAULT CHARSET=utf8;

--
-- Dumpning av Data i tabell `l3kop_session`
--

INSERT INTO `l3kop_session` (`session_id`, `client_id`, `guest`, `time`, `data`, `userid`, `username`, `usertype`) VALUES
('1479ee9f0f3256edff9c256e47a212dc', 0, 1, '1353906488', '__default|a:7:{s:22:"session.client.browser";s:65:"Mozilla/5.0 (Windows NT 6.1; rv:16.0) Gecko/20100101 Firefox/16.0";s:15:"session.counter";i:55;s:8:"registry";O:9:"JRegistry":1:{s:7:"\0*\0data";O:8:"stdClass":0:{}}s:4:"user";O:5:"JUser":25:{s:9:"\0*\0isRoot";b:0;s:2:"id";i:0;s:4:"name";N;s:8:"username";N;s:5:"email";N;s:8:"password";N;s:14:"password_clear";s:0:"";s:8:"usertype";N;s:5:"block";N;s:9:"sendEmail";i:0;s:12:"registerDate";N;s:13:"lastvisitDate";N;s:10:"activation";N;s:6:"params";N;s:6:"groups";a:0:{}s:5:"guest";i:1;s:13:"lastResetTime";N;s:10:"resetCount";N;s:10:"\0*\0_params";O:9:"JRegistry":1:{s:7:"\0*\0data";O:8:"stdClass":0:{}}s:14:"\0*\0_authGroups";a:1:{i:0;i:1;}s:14:"\0*\0_authLevels";a:2:{i:0;i:1;i:1;i:1;}s:15:"\0*\0_authActions";N;s:12:"\0*\0_errorMsg";N;s:10:"\0*\0_errors";a:0:{}s:3:"aid";i:0;}s:19:"session.timer.start";i:1353903114;s:18:"session.timer.last";i:1353906317;s:17:"session.timer.now";i:1353906486;}', 0, '', ''),
('74ef125706e8fe62073d47e80b4ab192', 1, 0, '1353906291', '__default|a:8:{s:15:"session.counter";i:254;s:19:"session.timer.start";i:1353901062;s:18:"session.timer.last";i:1353906286;s:17:"session.timer.now";i:1353906288;s:22:"session.client.browser";s:65:"Mozilla/5.0 (Windows NT 6.1; rv:16.0) Gecko/20100101 Firefox/16.0";s:8:"registry";O:9:"JRegistry":1:{s:7:"\0*\0data";O:8:"stdClass":6:{s:11:"application";O:8:"stdClass":1:{s:4:"lang";s:0:"";}s:11:"com_modules";O:8:"stdClass":3:{s:7:"modules";O:8:"stdClass":4:{s:6:"filter";O:8:"stdClass":8:{s:18:"client_id_previous";i:0;s:6:"search";s:3:"nos";s:6:"access";i:0;s:5:"state";s:0:"";s:8:"position";s:0:"";s:6:"module";s:0:"";s:9:"client_id";i:0;s:8:"language";s:0:"";}s:10:"limitstart";i:0;s:8:"ordercol";s:8:"position";s:9:"orderdirn";s:3:"asc";}s:4:"edit";O:8:"stdClass":1:{s:6:"module";O:8:"stdClass":2:{s:2:"id";a:0:{}s:4:"data";N;}}s:3:"add";O:8:"stdClass":1:{s:6:"module";O:8:"stdClass":2:{s:12:"extension_id";N;s:6:"params";N;}}}s:11:"com_content";O:8:"stdClass":2:{s:8:"articles";O:8:"stdClass":5:{s:6:"filter";O:8:"stdClass":7:{s:6:"search";s:7:"contact";s:6:"access";i:0;s:9:"author_id";s:0:"";s:9:"published";s:0:"";s:11:"category_id";s:0:"";s:5:"level";i:0;s:8:"language";s:0:"";}s:10:"limitstart";i:0;s:8:"ordercol";s:7:"a.title";s:9:"orderdirn";s:3:"asc";s:5:"modal";O:8:"stdClass":4:{s:6:"filter";O:8:"stdClass":5:{s:6:"search";s:3:"EDI";s:6:"access";i:0;s:9:"published";s:0:"";s:11:"category_id";s:0:"";s:8:"language";s:0:"";}s:10:"limitstart";i:0;s:8:"ordercol";s:7:"a.title";s:9:"orderdirn";s:3:"asc";}}s:4:"edit";O:8:"stdClass":1:{s:7:"article";O:8:"stdClass":2:{s:4:"data";N;s:2:"id";a:0:{}}}}s:6:"global";O:8:"stdClass":1:{s:4:"list";O:8:"stdClass":1:{s:5:"limit";i:20;}}s:9:"com_menus";O:8:"stdClass":2:{s:5:"items";O:8:"stdClass":2:{s:6:"filter";O:8:"stdClass":1:{s:8:"menutype";s:8:"mainmenu";}s:10:"limitstart";i:0;}s:4:"edit";O:8:"stdClass":1:{s:4:"item";O:8:"stdClass":5:{s:4:"data";N;s:4:"type";N;s:4:"link";N;s:8:"menutype";s:8:"mainmenu";s:2:"id";a:0:{}}}}s:4:"item";O:8:"stdClass":1:{s:6:"filter";O:8:"stdClass":1:{s:8:"menutype";s:8:"mainmenu";}}}}s:4:"user";O:5:"JUser":25:{s:9:"\0*\0isRoot";b:1;s:2:"id";s:3:"678";s:4:"name";s:10:"Super User";s:8:"username";s:5:"admin";s:5:"email";s:24:"mario.onekanda@gmail.com";s:8:"password";s:65:"a026e309d4d7175f262a9a0d81ed6688:nWblHEAvMPbjrkrI5N0QmS83lKYrBvR8";s:14:"password_clear";s:0:"";s:8:"usertype";s:10:"deprecated";s:5:"block";s:1:"0";s:9:"sendEmail";s:1:"1";s:12:"registerDate";s:19:"2012-11-08 18:49:13";s:13:"lastvisitDate";s:19:"2012-11-26 00:21:59";s:10:"activation";s:1:"0";s:6:"params";s:0:"";s:6:"groups";a:1:{i:8;s:1:"8";}s:5:"guest";i:0;s:13:"lastResetTime";s:19:"0000-00-00 00:00:00";s:10:"resetCount";s:1:"0";s:10:"\0*\0_params";O:9:"JRegistry":1:{s:7:"\0*\0data";O:8:"stdClass":0:{}}s:14:"\0*\0_authGroups";a:2:{i:0;i:1;i:1;i:8;}s:14:"\0*\0_authLevels";a:4:{i:0;i:1;i:1;i:1;i:2;i:2;i:3;i:3;}s:15:"\0*\0_authActions";N;s:12:"\0*\0_errorMsg";N;s:10:"\0*\0_errors";a:0:{}s:3:"aid";i:0;}s:13:"session.token";s:32:"1b699206b856ce0be42a520f5fdae300";}__wf|a:1:{s:13:"session.token";s:32:"a20de79334e4024c438b7df311d87d04";}', 678, 'admin', ''),
('l5tsmi2n03n09ulnl8jgob64g2', 0, 1, '1353906430', '__default|a:7:{s:15:"session.counter";i:6;s:19:"session.timer.start";i:1353905534;s:18:"session.timer.last";i:1353905928;s:17:"session.timer.now";i:1353906427;s:22:"session.client.browser";s:101:"Mozilla/5.0 (Windows NT 6.1) AppleWebKit/537.11 (KHTML, like Gecko) Chrome/23.0.1271.64 Safari/537.11";s:8:"registry";O:9:"JRegistry":1:{s:7:"\0*\0data";O:8:"stdClass":0:{}}s:4:"user";O:5:"JUser":25:{s:9:"\0*\0isRoot";b:0;s:2:"id";i:0;s:4:"name";N;s:8:"username";N;s:5:"email";N;s:8:"password";N;s:14:"password_clear";s:0:"";s:8:"usertype";N;s:5:"block";N;s:9:"sendEmail";i:0;s:12:"registerDate";N;s:13:"lastvisitDate";N;s:10:"activation";N;s:6:"params";N;s:6:"groups";a:0:{}s:5:"guest";i:1;s:13:"lastResetTime";N;s:10:"resetCount";N;s:10:"\0*\0_params";O:9:"JRegistry":1:{s:7:"\0*\0data";O:8:"stdClass":0:{}}s:14:"\0*\0_authGroups";a:1:{i:0;i:1;}s:14:"\0*\0_authLevels";a:2:{i:0;i:1;i:1;i:1;}s:15:"\0*\0_authActions";N;s:12:"\0*\0_errorMsg";N;s:10:"\0*\0_errors";a:0:{}s:3:"aid";i:0;}}', 0, '', '');

-- --------------------------------------------------------

--
-- Tabellstruktur `l3kop_template_styles`
--

CREATE TABLE IF NOT EXISTS `l3kop_template_styles` (
  `id` int(10) unsigned NOT NULL AUTO_INCREMENT,
  `template` varchar(50) NOT NULL DEFAULT '',
  `client_id` tinyint(1) unsigned NOT NULL DEFAULT '0',
  `home` char(7) NOT NULL DEFAULT '0',
  `title` varchar(255) NOT NULL DEFAULT '',
  `params` text NOT NULL,
  PRIMARY KEY (`id`),
  KEY `idx_template` (`template`),
  KEY `idx_home` (`home`)
) ENGINE=InnoDB  DEFAULT CHARSET=utf8 AUTO_INCREMENT=8 ;

--
-- Dumpning av Data i tabell `l3kop_template_styles`
--

INSERT INTO `l3kop_template_styles` (`id`, `template`, `client_id`, `home`, `title`, `params`) VALUES
(2, 'bluestork', 1, '1', 'Bluestork - Default', '{"useRoundedCorners":"1","showSiteName":"0"}'),
(3, 'atomic', 0, '0', 'Atomic - Default', '{}'),
(4, 'beez_20', 0, '0', 'Beez2 - Default', '{"wrapperSmall":"53","wrapperLarge":"72","logo":"images\\/joomla_black.gif","sitetitle":"Joomla!","sitedescription":"Open Source Content Management","navposition":"left","templatecolor":"personal","html5":"0"}'),
(5, 'hathor', 1, '0', 'Hathor - Default', '{"showSiteName":"0","colourChoice":"","boldText":"0"}'),
(6, 'beez5', 0, '0', 'Beez5 - Default', '{"wrapperSmall":"53","wrapperLarge":"72","logo":"images\\/sampledata\\/fruitshop\\/fruits.gif","sitetitle":"Joomla!","sitedescription":"Open Source Content Management","navposition":"left","html5":"0"}'),
(7, 'meachrist-fr', 0, '1', 'meachrist - Default', '{}');

-- --------------------------------------------------------

--
-- Tabellstruktur `l3kop_updates`
--

CREATE TABLE IF NOT EXISTS `l3kop_updates` (
  `update_id` int(11) NOT NULL AUTO_INCREMENT,
  `update_site_id` int(11) DEFAULT '0',
  `extension_id` int(11) DEFAULT '0',
  `categoryid` int(11) DEFAULT '0',
  `name` varchar(100) DEFAULT '',
  `description` text NOT NULL,
  `element` varchar(100) DEFAULT '',
  `type` varchar(20) DEFAULT '',
  `folder` varchar(20) DEFAULT '',
  `client_id` tinyint(3) DEFAULT '0',
  `version` varchar(10) DEFAULT '',
  `data` text NOT NULL,
  `detailsurl` text NOT NULL,
  `infourl` text NOT NULL,
  PRIMARY KEY (`update_id`)
) ENGINE=InnoDB  DEFAULT CHARSET=utf8 COMMENT='Available Updates' AUTO_INCREMENT=358 ;

--
-- Dumpning av Data i tabell `l3kop_updates`
--

INSERT INTO `l3kop_updates` (`update_id`, `update_site_id`, `extension_id`, `categoryid`, `name`, `description`, `element`, `type`, `folder`, `client_id`, `version`, `data`, `detailsurl`, `infourl`) VALUES
(1, 1, 700, 0, 'Joomla', '', 'joomla', 'file', '', 0, '2.5.8', '', 'http://update.joomla.org/core/extension.xml', ''),
(2, 3, 0, 0, 'Danish', '', 'pkg_da-DK', 'package', '', 0, '2.5.7.3', '', 'http://update.joomla.org/language/details/da-DK_details.xml', ''),
(3, 3, 0, 0, 'Khmer', '', 'pkg_km-KH', 'package', '', 0, '2.5.7.1', '', 'http://update.joomla.org/language/details/km-KH_details.xml', ''),
(4, 3, 0, 0, 'Swedish', '', 'pkg_sv-SE', 'package', '', 0, '2.5.7.1', '', 'http://update.joomla.org/language/details/sv-SE_details.xml', ''),
(5, 3, 0, 0, 'Hungarian', '', 'pkg_hu-HU', 'package', '', 0, '2.5.7.2', '', 'http://update.joomla.org/language/details/hu-HU_details.xml', ''),
(6, 3, 0, 0, 'Bulgarian', '', 'pkg_bg-BG', 'package', '', 0, '2.5.7.1', '', 'http://update.joomla.org/language/details/bg-BG_details.xml', ''),
(7, 3, 0, 0, 'French', '', 'pkg_fr-FR', 'package', '', 0, '2.5.7.2', '', 'http://update.joomla.org/language/details/fr-FR_details.xml', ''),
(8, 3, 0, 0, 'Italian', '', 'pkg_it-IT', 'package', '', 0, '2.5.8.1', '', 'http://update.joomla.org/language/details/it-IT_details.xml', ''),
(9, 3, 0, 0, 'Italian', '', 'pkg_it-IT', 'package', '', 0, '2.5.8.1', '', 'http://update.joomla.org/language/details/it-IT_details.xml', ''),
(10, 3, 0, 0, 'Spanish', '', 'pkg_es-ES', 'package', '', 0, '2.5.7.1', '', 'http://update.joomla.org/language/details/es-ES_details.xml', ''),
(11, 3, 0, 0, 'Spanish', '', 'pkg_es-ES', 'package', '', 0, '2.5.7.1', '', 'http://update.joomla.org/language/details/es-ES_details.xml', ''),
(12, 3, 0, 0, 'Dutch', '', 'pkg_nl-NL', 'package', '', 0, '2.5.7.1', '', 'http://update.joomla.org/language/details/nl-NL_details.xml', ''),
(13, 3, 0, 0, 'Turkish', '', 'pkg_tr-TR', 'package', '', 0, '2.5.7.1', '', 'http://update.joomla.org/language/details/tr-TR_details.xml', ''),
(14, 3, 0, 0, 'Turkish', '', 'pkg_tr-TR', 'package', '', 0, '2.5.7.1', '', 'http://update.joomla.org/language/details/tr-TR_details.xml', ''),
(15, 3, 0, 0, 'Ukrainian', '', 'pkg_uk-UA', 'package', '', 0, '2.5.7.2', '', 'http://update.joomla.org/language/details/uk-UA_details.xml', ''),
(16, 3, 0, 0, 'Ukrainian', '', 'pkg_uk-UA', 'package', '', 0, '2.5.7.2', '', 'http://update.joomla.org/language/details/uk-UA_details.xml', ''),
(17, 3, 0, 0, 'Slovak', '', 'pkg_sk-SK', 'package', '', 0, '2.5.8.1', '', 'http://update.joomla.org/language/details/sk-SK_details.xml', ''),
(18, 3, 0, 0, 'Slovak', '', 'pkg_sk-SK', 'package', '', 0, '2.5.8.1', '', 'http://update.joomla.org/language/details/sk-SK_details.xml', ''),
(19, 3, 0, 0, 'Belarusian', '', 'pkg_be-BY', 'package', '', 0, '2.5.6.1', '', 'http://update.joomla.org/language/details/be-BY_details.xml', ''),
(20, 3, 0, 0, 'Belarusian', '', 'pkg_be-BY', 'package', '', 0, '2.5.6.1', '', 'http://update.joomla.org/language/details/be-BY_details.xml', ''),
(21, 3, 0, 0, 'Latvian', '', 'pkg_lv-LV', 'package', '', 0, '2.5.7.1', '', 'http://update.joomla.org/language/details/lv-LV_details.xml', ''),
(22, 3, 0, 0, 'Latvian', '', 'pkg_lv-LV', 'package', '', 0, '2.5.7.1', '', 'http://update.joomla.org/language/details/lv-LV_details.xml', ''),
(23, 3, 0, 0, 'Estonian', '', 'pkg_et-EE', 'package', '', 0, '2.5.7.1', '', 'http://update.joomla.org/language/details/et-EE_details.xml', ''),
(24, 3, 0, 0, 'Estonian', '', 'pkg_et-EE', 'package', '', 0, '2.5.7.1', '', 'http://update.joomla.org/language/details/et-EE_details.xml', ''),
(25, 3, 0, 0, 'Romanian', '', 'pkg_ro-RO', 'package', '', 0, '2.5.5.1', '', 'http://update.joomla.org/language/details/ro-RO_details.xml', ''),
(26, 3, 0, 0, 'Flemish', '', 'pkg_nl-BE', 'package', '', 0, '2.5.8.1', '', 'http://update.joomla.org/language/details/nl-BE_details.xml', ''),
(27, 3, 0, 0, 'Flemish', '', 'pkg_nl-BE', 'package', '', 0, '2.5.8.1', '', 'http://update.joomla.org/language/details/nl-BE_details.xml', ''),
(28, 3, 0, 0, 'Macedonian', '', 'pkg_mk-MK', 'package', '', 0, '2.5.7.1', '', 'http://update.joomla.org/language/details/mk-MK_details.xml', ''),
(29, 3, 0, 0, 'Macedonian', '', 'pkg_mk-MK', 'package', '', 0, '2.5.7.1', '', 'http://update.joomla.org/language/details/mk-MK_details.xml', ''),
(30, 3, 0, 0, 'Japanese', '', 'pkg_ja-JP', 'package', '', 0, '2.5.7.1', '', 'http://update.joomla.org/language/details/ja-JP_details.xml', ''),
(31, 3, 0, 0, 'Japanese', '', 'pkg_ja-JP', 'package', '', 0, '2.5.7.1', '', 'http://update.joomla.org/language/details/ja-JP_details.xml', ''),
(32, 3, 0, 0, 'Serbian Latin', '', 'pkg_sr-YU', 'package', '', 0, '2.5.7.1', '', 'http://update.joomla.org/language/details/sr-YU_details.xml', ''),
(33, 3, 0, 0, 'Arabic Unitag', '', 'pkg_ar-AA', 'package', '', 0, '2.5.7.1', '', 'http://update.joomla.org/language/details/ar-AA_details.xml', ''),
(34, 3, 0, 0, 'Arabic Unitag', '', 'pkg_ar-AA', 'package', '', 0, '2.5.7.1', '', 'http://update.joomla.org/language/details/ar-AA_details.xml', ''),
(35, 3, 0, 0, 'German', '', 'pkg_de-DE', 'package', '', 0, '2.5.7.1', '', 'http://update.joomla.org/language/details/de-DE_details.xml', ''),
(36, 3, 0, 0, 'German', '', 'pkg_de-DE', 'package', '', 0, '2.5.7.1', '', 'http://update.joomla.org/language/details/de-DE_details.xml', ''),
(37, 3, 0, 0, 'Norwegian Bokmal', '', 'pkg_nb-NO', 'package', '', 0, '2.5.8.1', '', 'http://update.joomla.org/language/details/nb-NO_details.xml', ''),
(38, 3, 0, 0, 'English AU', '', 'pkg_en-AU', 'package', '', 0, '2.5.7.1', '', 'http://update.joomla.org/language/details/en-AU_details.xml', ''),
(39, 3, 0, 0, 'English AU', '', 'pkg_en-AU', 'package', '', 0, '2.5.7.1', '', 'http://update.joomla.org/language/details/en-AU_details.xml', ''),
(40, 3, 0, 0, 'English US', '', 'pkg_en-US', 'package', '', 0, '2.5.7.2', '', 'http://update.joomla.org/language/details/en-US_details.xml', ''),
(41, 3, 0, 0, 'English US', '', 'pkg_en-US', 'package', '', 0, '2.5.7.2', '', 'http://update.joomla.org/language/details/en-US_details.xml', ''),
(42, 3, 0, 0, 'Serbian Cyrillic', '', 'pkg_sr-RS', 'package', '', 0, '2.5.7.1', '', 'http://update.joomla.org/language/details/sr-RS_details.xml', ''),
(43, 3, 0, 0, 'Lithuanian', '', 'pkg_lt-LT', 'package', '', 0, '2.5.7.1', '', 'http://update.joomla.org/language/details/lt-LT_details.xml', ''),
(44, 3, 0, 0, 'Lithuanian', '', 'pkg_lt-LT', 'package', '', 0, '2.5.7.1', '', 'http://update.joomla.org/language/details/lt-LT_details.xml', ''),
(45, 3, 0, 0, 'Albanian', '', 'pkg_sq-AL', 'package', '', 0, '2.5.1.5', '', 'http://update.joomla.org/language/details/sq-AL_details.xml', ''),
(46, 3, 0, 0, 'Albanian', '', 'pkg_sq-AL', 'package', '', 0, '2.5.1.5', '', 'http://update.joomla.org/language/details/sq-AL_details.xml', ''),
(47, 3, 0, 0, 'Persian', '', 'pkg_fa-IR', 'package', '', 0, '2.5.7.2', '', 'http://update.joomla.org/language/details/fa-IR_details.xml', ''),
(48, 3, 0, 0, 'Persian', '', 'pkg_fa-IR', 'package', '', 0, '2.5.7.2', '', 'http://update.joomla.org/language/details/fa-IR_details.xml', ''),
(49, 3, 0, 0, 'Galician', '', 'pkg_gl-ES', 'package', '', 0, '2.5.7.1', '', 'http://update.joomla.org/language/details/gl-ES_details.xml', ''),
(50, 3, 0, 0, 'Galician', '', 'pkg_gl-ES', 'package', '', 0, '2.5.7.1', '', 'http://update.joomla.org/language/details/gl-ES_details.xml', ''),
(51, 3, 0, 0, 'Polish', '', 'pkg_pl-PL', 'package', '', 0, '2.5.7.2', '', 'http://update.joomla.org/language/details/pl-PL_details.xml', ''),
(52, 3, 0, 0, 'Polish', '', 'pkg_pl-PL', 'package', '', 0, '2.5.7.2', '', 'http://update.joomla.org/language/details/pl-PL_details.xml', ''),
(53, 3, 0, 0, 'Syriac', '', 'pkg_sy-IQ', 'package', '', 0, '2.5.7.1', '', 'http://update.joomla.org/language/details/sy-IQ_details.xml', ''),
(54, 3, 0, 0, 'Syriac', '', 'pkg_sy-IQ', 'package', '', 0, '2.5.7.1', '', 'http://update.joomla.org/language/details/sy-IQ_details.xml', ''),
(55, 3, 0, 0, 'Russian', '', 'pkg_ru-RU', 'package', '', 0, '2.5.7.1', '', 'http://update.joomla.org/language/details/ru-RU_details.xml', ''),
(56, 3, 0, 0, 'Russian', '', 'pkg_ru-RU', 'package', '', 0, '2.5.7.1', '', 'http://update.joomla.org/language/details/ru-RU_details.xml', ''),
(57, 3, 0, 0, 'Hebrew', '', 'pkg_he-IL', 'package', '', 0, '2.5.7.1', '', 'http://update.joomla.org/language/details/he-IL_details.xml', ''),
(58, 3, 0, 0, 'Hebrew', '', 'pkg_he-IL', 'package', '', 0, '2.5.7.1', '', 'http://update.joomla.org/language/details/he-IL_details.xml', ''),
(59, 3, 0, 0, 'Laotian', '', 'pkg_lo-LA', 'package', '', 0, '2.5.6.1', '', 'http://update.joomla.org/language/details/lo-LA_details.xml', ''),
(60, 3, 0, 0, 'Laotian', '', 'pkg_lo-LA', 'package', '', 0, '2.5.6.1', '', 'http://update.joomla.org/language/details/lo-LA_details.xml', ''),
(61, 3, 0, 0, 'Afrikaans', '', 'pkg_af-ZA', 'package', '', 0, '2.5.6.2', '', 'http://update.joomla.org/language/details/af-ZA_details.xml', ''),
(62, 3, 0, 0, 'Afrikaans', '', 'pkg_af-ZA', 'package', '', 0, '2.5.6.2', '', 'http://update.joomla.org/language/details/af-ZA_details.xml', ''),
(63, 3, 0, 0, 'Chinese Simplified', '', 'pkg_zh-CN', 'package', '', 0, '2.5.7.1', '', 'http://update.joomla.org/language/details/zh-CN_details.xml', ''),
(64, 3, 0, 0, 'Chinese Simplified', '', 'pkg_zh-CN', 'package', '', 0, '2.5.7.1', '', 'http://update.joomla.org/language/details/zh-CN_details.xml', ''),
(65, 3, 0, 0, 'Greek', '', 'pkg_el-GR', 'package', '', 0, '2.5.6.1', '', 'http://update.joomla.org/language/details/el-GR_details.xml', ''),
(66, 3, 0, 0, 'Greek', '', 'pkg_el-GR', 'package', '', 0, '2.5.6.1', '', 'http://update.joomla.org/language/details/el-GR_details.xml', ''),
(67, 3, 0, 0, 'Esperanto', '', 'pkg_eo-XX', 'package', '', 0, '2.5.6.1', '', 'http://update.joomla.org/language/details/eo-XX_details.xml', ''),
(68, 3, 0, 0, 'Esperanto', '', 'pkg_eo-XX', 'package', '', 0, '2.5.6.1', '', 'http://update.joomla.org/language/details/eo-XX_details.xml', ''),
(69, 3, 0, 0, 'Finnish', '', 'pkg_fi-FI', 'package', '', 0, '2.5.7.1', '', 'http://update.joomla.org/language/details/fi-FI_details.xml', ''),
(70, 3, 0, 0, 'Finnish', '', 'pkg_fi-FI', 'package', '', 0, '2.5.7.1', '', 'http://update.joomla.org/language/details/fi-FI_details.xml', ''),
(71, 3, 0, 0, 'Portuguese Brazil', '', 'pkg_pt-BR', 'package', '', 0, '2.5.8.1', '', 'http://update.joomla.org/language/details/pt-BR_details.xml', ''),
(72, 3, 0, 0, 'Portuguese Brazil', '', 'pkg_pt-BR', 'package', '', 0, '2.5.8.1', '', 'http://update.joomla.org/language/details/pt-BR_details.xml', ''),
(73, 3, 0, 0, 'Chinese Traditional', '', 'pkg_zh-TW', 'package', '', 0, '2.5.7.2', '', 'http://update.joomla.org/language/details/zh-TW_details.xml', ''),
(74, 3, 0, 0, 'Chinese Traditional', '', 'pkg_zh-TW', 'package', '', 0, '2.5.7.2', '', 'http://update.joomla.org/language/details/zh-TW_details.xml', ''),
(75, 3, 0, 0, 'Vietnamese', '', 'pkg_vi-VN', 'package', '', 0, '2.5.7.2', '', 'http://update.joomla.org/language/details/vi-VN_details.xml', ''),
(76, 3, 0, 0, 'Kurdish Sorani', '', 'pkg_ckb-IQ', 'package', '', 0, '2.5.7.1', '', 'http://update.joomla.org/language/details/ckb-IQ_details.xml', ''),
(77, 3, 0, 0, 'Kurdish Sorani', '', 'pkg_ckb-IQ', 'package', '', 0, '2.5.7.1', '', 'http://update.joomla.org/language/details/ckb-IQ_details.xml', ''),
(78, 3, 0, 0, 'Bosnian', '', 'pkg_bs-BA', 'package', '', 0, '2.5.7.1', '', 'http://update.joomla.org/language/details/bs-BA_details.xml', ''),
(79, 3, 0, 0, 'Bosnian', '', 'pkg_bs-BA', 'package', '', 0, '2.5.7.1', '', 'http://update.joomla.org/language/details/bs-BA_details.xml', ''),
(80, 3, 0, 0, 'Croatian', '', 'pkg_hr-HR', 'package', '', 0, '2.5.7.2', '', 'http://update.joomla.org/language/details/hr-HR_details.xml', ''),
(81, 3, 0, 0, 'Croatian', '', 'pkg_hr-HR', 'package', '', 0, '2.5.7.2', '', 'http://update.joomla.org/language/details/hr-HR_details.xml', ''),
(82, 3, 0, 0, 'Azeri', '', 'pkg_az-AZ', 'package', '', 0, '2.5.7.1', '', 'http://update.joomla.org/language/details/az-AZ_details.xml', ''),
(83, 3, 0, 0, 'Azeri', '', 'pkg_az-AZ', 'package', '', 0, '2.5.7.1', '', 'http://update.joomla.org/language/details/az-AZ_details.xml', ''),
(84, 3, 0, 0, 'Norwegian Nynorsk', '', 'pkg_nn-NO', 'package', '', 0, '2.5.8.1', '', 'http://update.joomla.org/language/details/nn-NO_details.xml', ''),
(85, 3, 0, 0, 'Tamil India', '', 'pkg_ta-IN', 'package', '', 0, '2.5.8.1', '', 'http://update.joomla.org/language/details/ta-IN_details.xml', ''),
(86, 3, 0, 0, 'Tamil India', '', 'pkg_ta-IN', 'package', '', 0, '2.5.8.1', '', 'http://update.joomla.org/language/details/ta-IN_details.xml', ''),
(87, 3, 0, 0, 'Scottish Gaelic', '', 'pkg_gd-GB', 'package', '', 0, '2.5.7.1', '', 'http://update.joomla.org/language/details/gd-GB_details.xml', ''),
(88, 3, 0, 0, 'Scottish Gaelic', '', 'pkg_gd-GB', 'package', '', 0, '2.5.7.1', '', 'http://update.joomla.org/language/details/gd-GB_details.xml', ''),
(89, 3, 0, 0, 'Thai', '', 'pkg_th-TH', 'package', '', 0, '2.5.7.1', '', 'http://update.joomla.org/language/details/th-TH_details.xml', ''),
(90, 3, 0, 0, 'Thai', '', 'pkg_th-TH', 'package', '', 0, '2.5.7.1', '', 'http://update.joomla.org/language/details/th-TH_details.xml', ''),
(91, 3, 0, 0, 'Basque', '', 'pkg_eu-ES', 'package', '', 0, '1.7.0.1', '', 'http://update.joomla.org/language/details/eu-ES_details.xml', ''),
(92, 3, 0, 0, 'Basque', '', 'pkg_eu-ES', 'package', '', 0, '1.7.0.1', '', 'http://update.joomla.org/language/details/eu-ES_details.xml', ''),
(93, 3, 0, 0, 'Uyghur', '', 'pkg_ug-CN', 'package', '', 0, '2.5.7.1', '', 'http://update.joomla.org/language/details/ug-CN_details.xml', ''),
(94, 3, 0, 0, 'Uyghur', '', 'pkg_ug-CN', 'package', '', 0, '2.5.7.1', '', 'http://update.joomla.org/language/details/ug-CN_details.xml', ''),
(95, 3, 0, 0, 'Korean', '', 'pkg_ko-KR', 'package', '', 0, '2.5.7.2', '', 'http://update.joomla.org/language/details/ko-KR_details.xml', ''),
(96, 3, 0, 0, 'Korean', '', 'pkg_ko-KR', 'package', '', 0, '2.5.7.2', '', 'http://update.joomla.org/language/details/ko-KR_details.xml', ''),
(97, 3, 0, 0, 'Hindi', '', 'pkg_hi-IN', 'package', '', 0, '2.5.6.1', '', 'http://update.joomla.org/language/details/hi-IN_details.xml', ''),
(98, 3, 0, 0, 'Hindi', '', 'pkg_hi-IN', 'package', '', 0, '2.5.6.1', '', 'http://update.joomla.org/language/details/hi-IN_details.xml', ''),
(99, 3, 0, 0, 'Welsh', '', 'pkg_cy-GB', 'package', '', 0, '2.5.6.1', '', 'http://update.joomla.org/language/details/cy-GB_details.xml', ''),
(100, 3, 0, 0, 'Welsh', '', 'pkg_cy-GB', 'package', '', 0, '2.5.6.1', '', 'http://update.joomla.org/language/details/cy-GB_details.xml', ''),
(101, 3, 0, 0, 'Swahili', '', 'pkg_sw-KE', 'package', '', 0, '2.5.8.1', '', 'http://update.joomla.org/language/details/sw-KE_details.xml', ''),
(102, 3, 0, 0, 'Swahili', '', 'pkg_sw-KE', 'package', '', 0, '2.5.8.1', '', 'http://update.joomla.org/language/details/sw-KE_details.xml', ''),
(103, 3, 0, 0, 'Danish', '', 'pkg_da-DK', 'package', '', 0, '2.5.8.1', '', 'http://update.joomla.org/language/details/da-DK_details.xml', ''),
(104, 3, 0, 0, 'Hungarian', '', 'pkg_hu-HU', 'package', '', 0, '2.5.8.1', '', 'http://update.joomla.org/language/details/hu-HU_details.xml', ''),
(105, 3, 0, 0, 'French', '', 'pkg_fr-FR', 'package', '', 0, '2.5.8.1', '', 'http://update.joomla.org/language/details/fr-FR_details.xml', ''),
(106, 3, 0, 0, 'Spanish', '', 'pkg_es-ES', 'package', '', 0, '2.5.8.1', '', 'http://update.joomla.org/language/details/es-ES_details.xml', ''),
(107, 3, 0, 0, 'Dutch', '', 'pkg_nl-NL', 'package', '', 0, '2.5.8.1', '', 'http://update.joomla.org/language/details/nl-NL_details.xml', ''),
(108, 3, 0, 0, 'Danish', '', 'pkg_da-DK', 'package', '', 0, '2.5.8.1', '', 'http://update.joomla.org/language/details/da-DK_details.xml', ''),
(109, 3, 0, 0, 'Turkish', '', 'pkg_tr-TR', 'package', '', 0, '2.5.7.2', '', 'http://update.joomla.org/language/details/tr-TR_details.xml', ''),
(110, 3, 0, 0, 'Hungarian', '', 'pkg_hu-HU', 'package', '', 0, '2.5.8.1', '', 'http://update.joomla.org/language/details/hu-HU_details.xml', ''),
(111, 3, 0, 0, 'Latvian', '', 'pkg_lv-LV', 'package', '', 0, '2.5.8.1', '', 'http://update.joomla.org/language/details/lv-LV_details.xml', ''),
(112, 3, 0, 0, 'French', '', 'pkg_fr-FR', 'package', '', 0, '2.5.8.1', '', 'http://update.joomla.org/language/details/fr-FR_details.xml', ''),
(113, 3, 0, 0, 'Japanese', '', 'pkg_ja-JP', 'package', '', 0, '2.5.8.1', '', 'http://update.joomla.org/language/details/ja-JP_details.xml', ''),
(114, 3, 0, 0, 'Spanish', '', 'pkg_es-ES', 'package', '', 0, '2.5.8.1', '', 'http://update.joomla.org/language/details/es-ES_details.xml', ''),
(115, 3, 0, 0, 'Arabic Unitag', '', 'pkg_ar-AA', 'package', '', 0, '2.5.8.1', '', 'http://update.joomla.org/language/details/ar-AA_details.xml', ''),
(116, 3, 0, 0, 'Dutch', '', 'pkg_nl-NL', 'package', '', 0, '2.5.8.1', '', 'http://update.joomla.org/language/details/nl-NL_details.xml', ''),
(117, 3, 0, 0, 'Turkish', '', 'pkg_tr-TR', 'package', '', 0, '2.5.7.2', '', 'http://update.joomla.org/language/details/tr-TR_details.xml', ''),
(118, 3, 0, 0, 'German', '', 'pkg_de-DE', 'package', '', 0, '2.5.8.1', '', 'http://update.joomla.org/language/details/de-DE_details.xml', ''),
(119, 3, 0, 0, 'English AU', '', 'pkg_en-AU', 'package', '', 0, '2.5.8.1', '', 'http://update.joomla.org/language/details/en-AU_details.xml', ''),
(120, 3, 0, 0, 'Latvian', '', 'pkg_lv-LV', 'package', '', 0, '2.5.8.1', '', 'http://update.joomla.org/language/details/lv-LV_details.xml', ''),
(121, 3, 0, 0, 'English US', '', 'pkg_en-US', 'package', '', 0, '2.5.8.1', '', 'http://update.joomla.org/language/details/en-US_details.xml', ''),
(122, 3, 0, 0, 'Japanese', '', 'pkg_ja-JP', 'package', '', 0, '2.5.8.1', '', 'http://update.joomla.org/language/details/ja-JP_details.xml', ''),
(123, 3, 0, 0, 'Arabic Unitag', '', 'pkg_ar-AA', 'package', '', 0, '2.5.8.1', '', 'http://update.joomla.org/language/details/ar-AA_details.xml', ''),
(124, 3, 0, 0, 'Polish', '', 'pkg_pl-PL', 'package', '', 0, '2.5.8.1', '', 'http://update.joomla.org/language/details/pl-PL_details.xml', ''),
(125, 3, 0, 0, 'German', '', 'pkg_de-DE', 'package', '', 0, '2.5.8.1', '', 'http://update.joomla.org/language/details/de-DE_details.xml', ''),
(126, 3, 0, 0, 'Russian', '', 'pkg_ru-RU', 'package', '', 0, '2.5.8.2', '', 'http://update.joomla.org/language/details/ru-RU_details.xml', ''),
(127, 3, 0, 0, 'English AU', '', 'pkg_en-AU', 'package', '', 0, '2.5.8.1', '', 'http://update.joomla.org/language/details/en-AU_details.xml', ''),
(128, 3, 0, 0, 'English US', '', 'pkg_en-US', 'package', '', 0, '2.5.8.1', '', 'http://update.joomla.org/language/details/en-US_details.xml', ''),
(129, 3, 0, 0, 'Finnish', '', 'pkg_fi-FI', 'package', '', 0, '2.5.8.1', '', 'http://update.joomla.org/language/details/fi-FI_details.xml', ''),
(130, 3, 0, 0, 'Polish', '', 'pkg_pl-PL', 'package', '', 0, '2.5.8.1', '', 'http://update.joomla.org/language/details/pl-PL_details.xml', ''),
(131, 3, 0, 0, 'Russian', '', 'pkg_ru-RU', 'package', '', 0, '2.5.8.2', '', 'http://update.joomla.org/language/details/ru-RU_details.xml', ''),
(132, 3, 0, 0, 'Thai', '', 'pkg_th-TH', 'package', '', 0, '2.5.8.1', '', 'http://update.joomla.org/language/details/th-TH_details.xml', ''),
(133, 3, 0, 0, 'Finnish', '', 'pkg_fi-FI', 'package', '', 0, '2.5.8.1', '', 'http://update.joomla.org/language/details/fi-FI_details.xml', ''),
(134, 3, 0, 0, 'Thai', '', 'pkg_th-TH', 'package', '', 0, '2.5.8.1', '', 'http://update.joomla.org/language/details/th-TH_details.xml', ''),
(135, 3, 0, 0, 'Danish', '', 'pkg_da-DK', 'package', '', 0, '2.5.8.1', '', 'http://update.joomla.org/language/details/da-DK_details.xml', ''),
(136, 3, 0, 0, 'Hungarian', '', 'pkg_hu-HU', 'package', '', 0, '2.5.8.1', '', 'http://update.joomla.org/language/details/hu-HU_details.xml', ''),
(137, 3, 0, 0, 'Danish', '', 'pkg_da-DK', 'package', '', 0, '2.5.8.1', '', 'http://update.joomla.org/language/details/da-DK_details.xml', ''),
(138, 3, 0, 0, 'French', '', 'pkg_fr-FR', 'package', '', 0, '2.5.8.1', '', 'http://update.joomla.org/language/details/fr-FR_details.xml', ''),
(139, 3, 0, 0, 'Hungarian', '', 'pkg_hu-HU', 'package', '', 0, '2.5.8.1', '', 'http://update.joomla.org/language/details/hu-HU_details.xml', ''),
(140, 3, 0, 0, 'French', '', 'pkg_fr-FR', 'package', '', 0, '2.5.8.1', '', 'http://update.joomla.org/language/details/fr-FR_details.xml', ''),
(141, 3, 0, 0, 'Spanish', '', 'pkg_es-ES', 'package', '', 0, '2.5.8.1', '', 'http://update.joomla.org/language/details/es-ES_details.xml', ''),
(142, 3, 0, 0, 'Spanish', '', 'pkg_es-ES', 'package', '', 0, '2.5.8.1', '', 'http://update.joomla.org/language/details/es-ES_details.xml', ''),
(143, 3, 0, 0, 'Dutch', '', 'pkg_nl-NL', 'package', '', 0, '2.5.8.1', '', 'http://update.joomla.org/language/details/nl-NL_details.xml', ''),
(144, 3, 0, 0, 'Turkish', '', 'pkg_tr-TR', 'package', '', 0, '2.5.7.2', '', 'http://update.joomla.org/language/details/tr-TR_details.xml', ''),
(145, 3, 0, 0, 'Dutch', '', 'pkg_nl-NL', 'package', '', 0, '2.5.8.1', '', 'http://update.joomla.org/language/details/nl-NL_details.xml', ''),
(146, 3, 0, 0, 'Turkish', '', 'pkg_tr-TR', 'package', '', 0, '2.5.7.2', '', 'http://update.joomla.org/language/details/tr-TR_details.xml', ''),
(147, 3, 0, 0, 'Latvian', '', 'pkg_lv-LV', 'package', '', 0, '2.5.8.1', '', 'http://update.joomla.org/language/details/lv-LV_details.xml', ''),
(148, 3, 0, 0, 'Latvian', '', 'pkg_lv-LV', 'package', '', 0, '2.5.8.1', '', 'http://update.joomla.org/language/details/lv-LV_details.xml', ''),
(149, 3, 0, 0, 'Japanese', '', 'pkg_ja-JP', 'package', '', 0, '2.5.8.1', '', 'http://update.joomla.org/language/details/ja-JP_details.xml', ''),
(150, 3, 0, 0, 'Japanese', '', 'pkg_ja-JP', 'package', '', 0, '2.5.8.1', '', 'http://update.joomla.org/language/details/ja-JP_details.xml', ''),
(151, 3, 0, 0, 'Arabic Unitag', '', 'pkg_ar-AA', 'package', '', 0, '2.5.8.1', '', 'http://update.joomla.org/language/details/ar-AA_details.xml', ''),
(152, 3, 0, 0, 'Arabic Unitag', '', 'pkg_ar-AA', 'package', '', 0, '2.5.8.1', '', 'http://update.joomla.org/language/details/ar-AA_details.xml', ''),
(153, 3, 0, 0, 'German', '', 'pkg_de-DE', 'package', '', 0, '2.5.8.1', '', 'http://update.joomla.org/language/details/de-DE_details.xml', ''),
(154, 3, 0, 0, 'German', '', 'pkg_de-DE', 'package', '', 0, '2.5.8.1', '', 'http://update.joomla.org/language/details/de-DE_details.xml', ''),
(155, 3, 0, 0, 'English AU', '', 'pkg_en-AU', 'package', '', 0, '2.5.8.1', '', 'http://update.joomla.org/language/details/en-AU_details.xml', ''),
(156, 3, 0, 0, 'English AU', '', 'pkg_en-AU', 'package', '', 0, '2.5.8.1', '', 'http://update.joomla.org/language/details/en-AU_details.xml', ''),
(157, 3, 0, 0, 'English US', '', 'pkg_en-US', 'package', '', 0, '2.5.8.1', '', 'http://update.joomla.org/language/details/en-US_details.xml', ''),
(158, 3, 0, 0, 'English US', '', 'pkg_en-US', 'package', '', 0, '2.5.8.1', '', 'http://update.joomla.org/language/details/en-US_details.xml', ''),
(159, 3, 0, 0, 'Polish', '', 'pkg_pl-PL', 'package', '', 0, '2.5.8.1', '', 'http://update.joomla.org/language/details/pl-PL_details.xml', ''),
(160, 3, 0, 0, 'Syriac', '', 'pkg_sy-IQ', 'package', '', 0, '2.5.8.1', '', 'http://update.joomla.org/language/details/sy-IQ_details.xml', ''),
(161, 3, 0, 0, 'Polish', '', 'pkg_pl-PL', 'package', '', 0, '2.5.8.1', '', 'http://update.joomla.org/language/details/pl-PL_details.xml', ''),
(162, 3, 0, 0, 'Syriac', '', 'pkg_sy-IQ', 'package', '', 0, '2.5.8.1', '', 'http://update.joomla.org/language/details/sy-IQ_details.xml', ''),
(163, 3, 0, 0, 'Russian', '', 'pkg_ru-RU', 'package', '', 0, '2.5.8.2', '', 'http://update.joomla.org/language/details/ru-RU_details.xml', ''),
(164, 3, 0, 0, 'Russian', '', 'pkg_ru-RU', 'package', '', 0, '2.5.8.2', '', 'http://update.joomla.org/language/details/ru-RU_details.xml', ''),
(165, 3, 0, 0, 'Finnish', '', 'pkg_fi-FI', 'package', '', 0, '2.5.8.1', '', 'http://update.joomla.org/language/details/fi-FI_details.xml', ''),
(166, 3, 0, 0, 'Finnish', '', 'pkg_fi-FI', 'package', '', 0, '2.5.8.1', '', 'http://update.joomla.org/language/details/fi-FI_details.xml', ''),
(167, 3, 0, 0, 'Thai', '', 'pkg_th-TH', 'package', '', 0, '2.5.8.1', '', 'http://update.joomla.org/language/details/th-TH_details.xml', ''),
(168, 3, 0, 0, 'Thai', '', 'pkg_th-TH', 'package', '', 0, '2.5.8.1', '', 'http://update.joomla.org/language/details/th-TH_details.xml', ''),
(169, 3, 0, 0, 'Danish', '', 'pkg_da-DK', 'package', '', 0, '2.5.8.1', '', 'http://update.joomla.org/language/details/da-DK_details.xml', ''),
(170, 3, 0, 0, 'Swedish', '', 'pkg_sv-SE', 'package', '', 0, '2.5.8.1', '', 'http://update.joomla.org/language/details/sv-SE_details.xml', ''),
(171, 3, 0, 0, 'Hungarian', '', 'pkg_hu-HU', 'package', '', 0, '2.5.8.1', '', 'http://update.joomla.org/language/details/hu-HU_details.xml', ''),
(172, 3, 0, 0, 'French', '', 'pkg_fr-FR', 'package', '', 0, '2.5.8.1', '', 'http://update.joomla.org/language/details/fr-FR_details.xml', ''),
(173, 3, 0, 0, 'Spanish', '', 'pkg_es-ES', 'package', '', 0, '2.5.8.1', '', 'http://update.joomla.org/language/details/es-ES_details.xml', ''),
(174, 3, 0, 0, 'Dutch', '', 'pkg_nl-NL', 'package', '', 0, '2.5.8.1', '', 'http://update.joomla.org/language/details/nl-NL_details.xml', ''),
(175, 3, 0, 0, 'Danish', '', 'pkg_da-DK', 'package', '', 0, '2.5.8.1', '', 'http://update.joomla.org/language/details/da-DK_details.xml', ''),
(176, 3, 0, 0, 'Turkish', '', 'pkg_tr-TR', 'package', '', 0, '2.5.7.2', '', 'http://update.joomla.org/language/details/tr-TR_details.xml', ''),
(177, 3, 0, 0, 'Swedish', '', 'pkg_sv-SE', 'package', '', 0, '2.5.8.1', '', 'http://update.joomla.org/language/details/sv-SE_details.xml', ''),
(178, 3, 0, 0, 'Belarusian', '', 'pkg_be-BY', 'package', '', 0, '2.5.8.1', '', 'http://update.joomla.org/language/details/be-BY_details.xml', ''),
(179, 3, 0, 0, 'Hungarian', '', 'pkg_hu-HU', 'package', '', 0, '2.5.8.1', '', 'http://update.joomla.org/language/details/hu-HU_details.xml', ''),
(180, 3, 0, 0, 'Latvian', '', 'pkg_lv-LV', 'package', '', 0, '2.5.8.1', '', 'http://update.joomla.org/language/details/lv-LV_details.xml', ''),
(181, 3, 0, 0, 'French', '', 'pkg_fr-FR', 'package', '', 0, '2.5.8.1', '', 'http://update.joomla.org/language/details/fr-FR_details.xml', ''),
(182, 3, 0, 0, 'Spanish', '', 'pkg_es-ES', 'package', '', 0, '2.5.8.1', '', 'http://update.joomla.org/language/details/es-ES_details.xml', ''),
(183, 3, 0, 0, 'Japanese', '', 'pkg_ja-JP', 'package', '', 0, '2.5.8.1', '', 'http://update.joomla.org/language/details/ja-JP_details.xml', ''),
(184, 3, 0, 0, 'Dutch', '', 'pkg_nl-NL', 'package', '', 0, '2.5.8.1', '', 'http://update.joomla.org/language/details/nl-NL_details.xml', ''),
(185, 3, 0, 0, 'Arabic Unitag', '', 'pkg_ar-AA', 'package', '', 0, '2.5.8.1', '', 'http://update.joomla.org/language/details/ar-AA_details.xml', ''),
(186, 3, 0, 0, 'Turkish', '', 'pkg_tr-TR', 'package', '', 0, '2.5.7.2', '', 'http://update.joomla.org/language/details/tr-TR_details.xml', ''),
(187, 3, 0, 0, 'German', '', 'pkg_de-DE', 'package', '', 0, '2.5.8.2', '', 'http://update.joomla.org/language/details/de-DE_details.xml', ''),
(188, 3, 0, 0, 'Belarusian', '', 'pkg_be-BY', 'package', '', 0, '2.5.8.1', '', 'http://update.joomla.org/language/details/be-BY_details.xml', ''),
(189, 3, 0, 0, 'English AU', '', 'pkg_en-AU', 'package', '', 0, '2.5.8.1', '', 'http://update.joomla.org/language/details/en-AU_details.xml', ''),
(190, 3, 0, 0, 'Latvian', '', 'pkg_lv-LV', 'package', '', 0, '2.5.8.1', '', 'http://update.joomla.org/language/details/lv-LV_details.xml', ''),
(191, 3, 0, 0, 'English US', '', 'pkg_en-US', 'package', '', 0, '2.5.8.1', '', 'http://update.joomla.org/language/details/en-US_details.xml', ''),
(192, 3, 0, 0, 'Japanese', '', 'pkg_ja-JP', 'package', '', 0, '2.5.8.1', '', 'http://update.joomla.org/language/details/ja-JP_details.xml', ''),
(193, 3, 0, 0, 'Galician', '', 'pkg_gl-ES', 'package', '', 0, '2.5.7.4', '', 'http://update.joomla.org/language/details/gl-ES_details.xml', ''),
(194, 3, 0, 0, 'Arabic Unitag', '', 'pkg_ar-AA', 'package', '', 0, '2.5.8.1', '', 'http://update.joomla.org/language/details/ar-AA_details.xml', ''),
(195, 3, 0, 0, 'Polish', '', 'pkg_pl-PL', 'package', '', 0, '2.5.8.1', '', 'http://update.joomla.org/language/details/pl-PL_details.xml', ''),
(196, 3, 0, 0, 'German', '', 'pkg_de-DE', 'package', '', 0, '2.5.8.2', '', 'http://update.joomla.org/language/details/de-DE_details.xml', ''),
(197, 3, 0, 0, 'Syriac', '', 'pkg_sy-IQ', 'package', '', 0, '2.5.8.1', '', 'http://update.joomla.org/language/details/sy-IQ_details.xml', ''),
(198, 3, 0, 0, 'English AU', '', 'pkg_en-AU', 'package', '', 0, '2.5.8.1', '', 'http://update.joomla.org/language/details/en-AU_details.xml', ''),
(199, 3, 0, 0, 'Russian', '', 'pkg_ru-RU', 'package', '', 0, '2.5.8.4', '', 'http://update.joomla.org/language/details/ru-RU_details.xml', ''),
(200, 3, 0, 0, 'English US', '', 'pkg_en-US', 'package', '', 0, '2.5.8.1', '', 'http://update.joomla.org/language/details/en-US_details.xml', ''),
(201, 3, 0, 0, 'Finnish', '', 'pkg_fi-FI', 'package', '', 0, '2.5.8.2', '', 'http://update.joomla.org/language/details/fi-FI_details.xml', ''),
(202, 3, 0, 0, 'Galician', '', 'pkg_gl-ES', 'package', '', 0, '2.5.7.4', '', 'http://update.joomla.org/language/details/gl-ES_details.xml', ''),
(203, 3, 0, 0, 'Polish', '', 'pkg_pl-PL', 'package', '', 0, '2.5.8.1', '', 'http://update.joomla.org/language/details/pl-PL_details.xml', ''),
(204, 3, 0, 0, 'Vietnamese', '', 'pkg_vi-VN', 'package', '', 0, '2.5.8.1', '', 'http://update.joomla.org/language/details/vi-VN_details.xml', ''),
(205, 3, 0, 0, 'Syriac', '', 'pkg_sy-IQ', 'package', '', 0, '2.5.8.1', '', 'http://update.joomla.org/language/details/sy-IQ_details.xml', ''),
(206, 3, 0, 0, 'Russian', '', 'pkg_ru-RU', 'package', '', 0, '2.5.8.4', '', 'http://update.joomla.org/language/details/ru-RU_details.xml', ''),
(207, 3, 0, 0, 'Kurdish Sorani', '', 'pkg_ckb-IQ', 'package', '', 0, '2.5.8.1', '', 'http://update.joomla.org/language/details/ckb-IQ_details.xml', ''),
(208, 3, 0, 0, 'Bosnian', '', 'pkg_bs-BA', 'package', '', 0, '2.5.8.1', '', 'http://update.joomla.org/language/details/bs-BA_details.xml', ''),
(209, 3, 0, 0, 'Finnish', '', 'pkg_fi-FI', 'package', '', 0, '2.5.8.2', '', 'http://update.joomla.org/language/details/fi-FI_details.xml', ''),
(210, 3, 0, 0, 'Croatian', '', 'pkg_hr-HR', 'package', '', 0, '2.5.8.1', '', 'http://update.joomla.org/language/details/hr-HR_details.xml', ''),
(211, 3, 0, 0, 'Vietnamese', '', 'pkg_vi-VN', 'package', '', 0, '2.5.8.1', '', 'http://update.joomla.org/language/details/vi-VN_details.xml', ''),
(212, 3, 0, 0, 'Kurdish Sorani', '', 'pkg_ckb-IQ', 'package', '', 0, '2.5.8.1', '', 'http://update.joomla.org/language/details/ckb-IQ_details.xml', ''),
(213, 3, 0, 0, 'Thai', '', 'pkg_th-TH', 'package', '', 0, '2.5.8.1', '', 'http://update.joomla.org/language/details/th-TH_details.xml', ''),
(214, 3, 0, 0, 'Bosnian', '', 'pkg_bs-BA', 'package', '', 0, '2.5.8.1', '', 'http://update.joomla.org/language/details/bs-BA_details.xml', ''),
(215, 3, 0, 0, 'Uyghur', '', 'pkg_ug-CN', 'package', '', 0, '2.5.7.2', '', 'http://update.joomla.org/language/details/ug-CN_details.xml', ''),
(216, 3, 0, 0, 'Croatian', '', 'pkg_hr-HR', 'package', '', 0, '2.5.8.1', '', 'http://update.joomla.org/language/details/hr-HR_details.xml', ''),
(217, 3, 0, 0, 'Swahili', '', 'pkg_sw-KE', 'package', '', 0, '2.5.8.2', '', 'http://update.joomla.org/language/details/sw-KE_details.xml', ''),
(218, 3, 0, 0, 'Thai', '', 'pkg_th-TH', 'package', '', 0, '2.5.8.1', '', 'http://update.joomla.org/language/details/th-TH_details.xml', ''),
(219, 3, 0, 0, 'Uyghur', '', 'pkg_ug-CN', 'package', '', 0, '2.5.7.2', '', 'http://update.joomla.org/language/details/ug-CN_details.xml', ''),
(220, 3, 0, 0, 'Swahili', '', 'pkg_sw-KE', 'package', '', 0, '2.5.8.2', '', 'http://update.joomla.org/language/details/sw-KE_details.xml', ''),
(221, 3, 0, 0, 'Danish', '', 'pkg_da-DK', 'package', '', 0, '2.5.8.1', '', 'http://update.joomla.org/language/details/da-DK_details.xml', ''),
(222, 3, 0, 0, 'Swedish', '', 'pkg_sv-SE', 'package', '', 0, '2.5.8.1', '', 'http://update.joomla.org/language/details/sv-SE_details.xml', ''),
(223, 3, 0, 0, 'Hungarian', '', 'pkg_hu-HU', 'package', '', 0, '2.5.8.1', '', 'http://update.joomla.org/language/details/hu-HU_details.xml', ''),
(224, 3, 0, 0, 'French', '', 'pkg_fr-FR', 'package', '', 0, '2.5.8.1', '', 'http://update.joomla.org/language/details/fr-FR_details.xml', ''),
(225, 3, 0, 0, 'Spanish', '', 'pkg_es-ES', 'package', '', 0, '2.5.8.1', '', 'http://update.joomla.org/language/details/es-ES_details.xml', ''),
(226, 3, 0, 0, 'Dutch', '', 'pkg_nl-NL', 'package', '', 0, '2.5.8.1', '', 'http://update.joomla.org/language/details/nl-NL_details.xml', ''),
(227, 3, 0, 0, 'Turkish', '', 'pkg_tr-TR', 'package', '', 0, '2.5.7.2', '', 'http://update.joomla.org/language/details/tr-TR_details.xml', ''),
(228, 3, 0, 0, 'Belarusian', '', 'pkg_be-BY', 'package', '', 0, '2.5.8.1', '', 'http://update.joomla.org/language/details/be-BY_details.xml', ''),
(229, 3, 0, 0, 'Danish', '', 'pkg_da-DK', 'package', '', 0, '2.5.8.1', '', 'http://update.joomla.org/language/details/da-DK_details.xml', ''),
(230, 3, 0, 0, 'Latvian', '', 'pkg_lv-LV', 'package', '', 0, '2.5.8.1', '', 'http://update.joomla.org/language/details/lv-LV_details.xml', ''),
(231, 3, 0, 0, 'Swedish', '', 'pkg_sv-SE', 'package', '', 0, '2.5.8.1', '', 'http://update.joomla.org/language/details/sv-SE_details.xml', ''),
(232, 3, 0, 0, 'Japanese', '', 'pkg_ja-JP', 'package', '', 0, '2.5.8.1', '', 'http://update.joomla.org/language/details/ja-JP_details.xml', ''),
(233, 3, 0, 0, 'Arabic Unitag', '', 'pkg_ar-AA', 'package', '', 0, '2.5.8.1', '', 'http://update.joomla.org/language/details/ar-AA_details.xml', ''),
(234, 3, 0, 0, 'Hungarian', '', 'pkg_hu-HU', 'package', '', 0, '2.5.8.1', '', 'http://update.joomla.org/language/details/hu-HU_details.xml', ''),
(235, 3, 0, 0, 'German', '', 'pkg_de-DE', 'package', '', 0, '2.5.8.2', '', 'http://update.joomla.org/language/details/de-DE_details.xml', ''),
(236, 3, 0, 0, 'French', '', 'pkg_fr-FR', 'package', '', 0, '2.5.8.1', '', 'http://update.joomla.org/language/details/fr-FR_details.xml', ''),
(237, 3, 0, 0, 'English AU', '', 'pkg_en-AU', 'package', '', 0, '2.5.8.1', '', 'http://update.joomla.org/language/details/en-AU_details.xml', ''),
(238, 3, 0, 0, 'Spanish', '', 'pkg_es-ES', 'package', '', 0, '2.5.8.1', '', 'http://update.joomla.org/language/details/es-ES_details.xml', ''),
(239, 3, 0, 0, 'English US', '', 'pkg_en-US', 'package', '', 0, '2.5.8.1', '', 'http://update.joomla.org/language/details/en-US_details.xml', ''),
(240, 3, 0, 0, 'Dutch', '', 'pkg_nl-NL', 'package', '', 0, '2.5.8.1', '', 'http://update.joomla.org/language/details/nl-NL_details.xml', ''),
(241, 3, 0, 0, 'Galician', '', 'pkg_gl-ES', 'package', '', 0, '2.5.7.4', '', 'http://update.joomla.org/language/details/gl-ES_details.xml', ''),
(242, 3, 0, 0, 'Polish', '', 'pkg_pl-PL', 'package', '', 0, '2.5.8.1', '', 'http://update.joomla.org/language/details/pl-PL_details.xml', ''),
(243, 3, 0, 0, 'Turkish', '', 'pkg_tr-TR', 'package', '', 0, '2.5.7.2', '', 'http://update.joomla.org/language/details/tr-TR_details.xml', ''),
(244, 3, 0, 0, 'Syriac', '', 'pkg_sy-IQ', 'package', '', 0, '2.5.8.1', '', 'http://update.joomla.org/language/details/sy-IQ_details.xml', ''),
(245, 3, 0, 0, 'Belarusian', '', 'pkg_be-BY', 'package', '', 0, '2.5.8.1', '', 'http://update.joomla.org/language/details/be-BY_details.xml', ''),
(246, 3, 0, 0, 'Russian', '', 'pkg_ru-RU', 'package', '', 0, '2.5.8.4', '', 'http://update.joomla.org/language/details/ru-RU_details.xml', ''),
(247, 3, 0, 0, 'Latvian', '', 'pkg_lv-LV', 'package', '', 0, '2.5.8.1', '', 'http://update.joomla.org/language/details/lv-LV_details.xml', ''),
(248, 3, 0, 0, 'Finnish', '', 'pkg_fi-FI', 'package', '', 0, '2.5.8.2', '', 'http://update.joomla.org/language/details/fi-FI_details.xml', ''),
(249, 3, 0, 0, 'Japanese', '', 'pkg_ja-JP', 'package', '', 0, '2.5.8.1', '', 'http://update.joomla.org/language/details/ja-JP_details.xml', ''),
(250, 3, 0, 0, 'Vietnamese', '', 'pkg_vi-VN', 'package', '', 0, '2.5.8.1', '', 'http://update.joomla.org/language/details/vi-VN_details.xml', ''),
(251, 3, 0, 0, 'Arabic Unitag', '', 'pkg_ar-AA', 'package', '', 0, '2.5.8.1', '', 'http://update.joomla.org/language/details/ar-AA_details.xml', ''),
(252, 3, 0, 0, 'Kurdish Sorani', '', 'pkg_ckb-IQ', 'package', '', 0, '2.5.8.1', '', 'http://update.joomla.org/language/details/ckb-IQ_details.xml', ''),
(253, 3, 0, 0, 'German', '', 'pkg_de-DE', 'package', '', 0, '2.5.8.2', '', 'http://update.joomla.org/language/details/de-DE_details.xml', ''),
(254, 3, 0, 0, 'Bosnian', '', 'pkg_bs-BA', 'package', '', 0, '2.5.8.1', '', 'http://update.joomla.org/language/details/bs-BA_details.xml', ''),
(255, 3, 0, 0, 'English AU', '', 'pkg_en-AU', 'package', '', 0, '2.5.8.1', '', 'http://update.joomla.org/language/details/en-AU_details.xml', ''),
(256, 3, 0, 0, 'Croatian', '', 'pkg_hr-HR', 'package', '', 0, '2.5.8.1', '', 'http://update.joomla.org/language/details/hr-HR_details.xml', ''),
(257, 3, 0, 0, 'English US', '', 'pkg_en-US', 'package', '', 0, '2.5.8.1', '', 'http://update.joomla.org/language/details/en-US_details.xml', ''),
(258, 3, 0, 0, 'Thai', '', 'pkg_th-TH', 'package', '', 0, '2.5.8.1', '', 'http://update.joomla.org/language/details/th-TH_details.xml', ''),
(259, 3, 0, 0, 'Galician', '', 'pkg_gl-ES', 'package', '', 0, '2.5.7.4', '', 'http://update.joomla.org/language/details/gl-ES_details.xml', ''),
(260, 3, 0, 0, 'Uyghur', '', 'pkg_ug-CN', 'package', '', 0, '2.5.7.2', '', 'http://update.joomla.org/language/details/ug-CN_details.xml', ''),
(261, 3, 0, 0, 'Polish', '', 'pkg_pl-PL', 'package', '', 0, '2.5.8.1', '', 'http://update.joomla.org/language/details/pl-PL_details.xml', ''),
(262, 3, 0, 0, 'Syriac', '', 'pkg_sy-IQ', 'package', '', 0, '2.5.8.1', '', 'http://update.joomla.org/language/details/sy-IQ_details.xml', ''),
(263, 3, 0, 0, 'Swahili', '', 'pkg_sw-KE', 'package', '', 0, '2.5.8.3', '', 'http://update.joomla.org/language/details/sw-KE_details.xml', ''),
(264, 3, 0, 0, 'Russian', '', 'pkg_ru-RU', 'package', '', 0, '2.5.8.4', '', 'http://update.joomla.org/language/details/ru-RU_details.xml', ''),
(265, 3, 0, 0, 'Finnish', '', 'pkg_fi-FI', 'package', '', 0, '2.5.8.2', '', 'http://update.joomla.org/language/details/fi-FI_details.xml', ''),
(266, 3, 0, 0, 'Vietnamese', '', 'pkg_vi-VN', 'package', '', 0, '2.5.8.1', '', 'http://update.joomla.org/language/details/vi-VN_details.xml', ''),
(267, 3, 0, 0, 'Kurdish Sorani', '', 'pkg_ckb-IQ', 'package', '', 0, '2.5.8.1', '', 'http://update.joomla.org/language/details/ckb-IQ_details.xml', ''),
(268, 3, 0, 0, 'Bosnian', '', 'pkg_bs-BA', 'package', '', 0, '2.5.8.1', '', 'http://update.joomla.org/language/details/bs-BA_details.xml', ''),
(269, 3, 0, 0, 'Croatian', '', 'pkg_hr-HR', 'package', '', 0, '2.5.8.1', '', 'http://update.joomla.org/language/details/hr-HR_details.xml', ''),
(270, 3, 0, 0, 'Thai', '', 'pkg_th-TH', 'package', '', 0, '2.5.8.1', '', 'http://update.joomla.org/language/details/th-TH_details.xml', ''),
(271, 3, 0, 0, 'Uyghur', '', 'pkg_ug-CN', 'package', '', 0, '2.5.7.2', '', 'http://update.joomla.org/language/details/ug-CN_details.xml', ''),
(272, 3, 0, 0, 'Swahili', '', 'pkg_sw-KE', 'package', '', 0, '2.5.8.3', '', 'http://update.joomla.org/language/details/sw-KE_details.xml', ''),
(273, 3, 0, 0, 'Danish', '', 'pkg_da-DK', 'package', '', 0, '2.5.8.1', '', 'http://update.joomla.org/language/details/da-DK_details.xml', ''),
(274, 3, 0, 0, 'Swedish', '', 'pkg_sv-SE', 'package', '', 0, '2.5.8.1', '', 'http://update.joomla.org/language/details/sv-SE_details.xml', ''),
(275, 3, 0, 0, 'Danish', '', 'pkg_da-DK', 'package', '', 0, '2.5.8.1', '', 'http://update.joomla.org/language/details/da-DK_details.xml', ''),
(276, 3, 0, 0, 'Hungarian', '', 'pkg_hu-HU', 'package', '', 0, '2.5.8.1', '', 'http://update.joomla.org/language/details/hu-HU_details.xml', ''),
(277, 3, 0, 0, 'Swedish', '', 'pkg_sv-SE', 'package', '', 0, '2.5.8.1', '', 'http://update.joomla.org/language/details/sv-SE_details.xml', ''),
(278, 3, 0, 0, 'French', '', 'pkg_fr-FR', 'package', '', 0, '2.5.8.1', '', 'http://update.joomla.org/language/details/fr-FR_details.xml', ''),
(279, 3, 0, 0, 'Hungarian', '', 'pkg_hu-HU', 'package', '', 0, '2.5.8.1', '', 'http://update.joomla.org/language/details/hu-HU_details.xml', ''),
(280, 3, 0, 0, 'Spanish', '', 'pkg_es-ES', 'package', '', 0, '2.5.8.1', '', 'http://update.joomla.org/language/details/es-ES_details.xml', ''),
(281, 3, 0, 0, 'Dutch', '', 'pkg_nl-NL', 'package', '', 0, '2.5.8.1', '', 'http://update.joomla.org/language/details/nl-NL_details.xml', ''),
(282, 3, 0, 0, 'French', '', 'pkg_fr-FR', 'package', '', 0, '2.5.8.1', '', 'http://update.joomla.org/language/details/fr-FR_details.xml', ''),
(283, 3, 0, 0, 'Turkish', '', 'pkg_tr-TR', 'package', '', 0, '2.5.7.2', '', 'http://update.joomla.org/language/details/tr-TR_details.xml', ''),
(284, 3, 0, 0, 'Spanish', '', 'pkg_es-ES', 'package', '', 0, '2.5.8.1', '', 'http://update.joomla.org/language/details/es-ES_details.xml', ''),
(285, 3, 0, 0, 'Dutch', '', 'pkg_nl-NL', 'package', '', 0, '2.5.8.1', '', 'http://update.joomla.org/language/details/nl-NL_details.xml', ''),
(286, 3, 0, 0, 'Belarusian', '', 'pkg_be-BY', 'package', '', 0, '2.5.8.1', '', 'http://update.joomla.org/language/details/be-BY_details.xml', ''),
(287, 3, 0, 0, 'Turkish', '', 'pkg_tr-TR', 'package', '', 0, '2.5.7.2', '', 'http://update.joomla.org/language/details/tr-TR_details.xml', ''),
(288, 3, 0, 0, 'Latvian', '', 'pkg_lv-LV', 'package', '', 0, '2.5.8.1', '', 'http://update.joomla.org/language/details/lv-LV_details.xml', ''),
(289, 3, 0, 0, 'Belarusian', '', 'pkg_be-BY', 'package', '', 0, '2.5.8.1', '', 'http://update.joomla.org/language/details/be-BY_details.xml', ''),
(290, 3, 0, 0, 'Japanese', '', 'pkg_ja-JP', 'package', '', 0, '2.5.8.1', '', 'http://update.joomla.org/language/details/ja-JP_details.xml', ''),
(291, 3, 0, 0, 'Latvian', '', 'pkg_lv-LV', 'package', '', 0, '2.5.8.1', '', 'http://update.joomla.org/language/details/lv-LV_details.xml', ''),
(292, 3, 0, 0, 'Japanese', '', 'pkg_ja-JP', 'package', '', 0, '2.5.8.1', '', 'http://update.joomla.org/language/details/ja-JP_details.xml', ''),
(293, 3, 0, 0, 'Arabic Unitag', '', 'pkg_ar-AA', 'package', '', 0, '2.5.8.1', '', 'http://update.joomla.org/language/details/ar-AA_details.xml', ''),
(294, 3, 0, 0, 'Arabic Unitag', '', 'pkg_ar-AA', 'package', '', 0, '2.5.8.1', '', 'http://update.joomla.org/language/details/ar-AA_details.xml', ''),
(295, 3, 0, 0, 'German', '', 'pkg_de-DE', 'package', '', 0, '2.5.8.2', '', 'http://update.joomla.org/language/details/de-DE_details.xml', ''),
(296, 3, 0, 0, 'German', '', 'pkg_de-DE', 'package', '', 0, '2.5.8.2', '', 'http://update.joomla.org/language/details/de-DE_details.xml', ''),
(297, 3, 0, 0, 'English AU', '', 'pkg_en-AU', 'package', '', 0, '2.5.8.1', '', 'http://update.joomla.org/language/details/en-AU_details.xml', ''),
(298, 3, 0, 0, 'English AU', '', 'pkg_en-AU', 'package', '', 0, '2.5.8.1', '', 'http://update.joomla.org/language/details/en-AU_details.xml', ''),
(299, 3, 0, 0, 'English US', '', 'pkg_en-US', 'package', '', 0, '2.5.8.1', '', 'http://update.joomla.org/language/details/en-US_details.xml', ''),
(300, 3, 0, 0, 'English US', '', 'pkg_en-US', 'package', '', 0, '2.5.8.1', '', 'http://update.joomla.org/language/details/en-US_details.xml', ''),
(301, 3, 0, 0, 'Galician', '', 'pkg_gl-ES', 'package', '', 0, '2.5.7.4', '', 'http://update.joomla.org/language/details/gl-ES_details.xml', ''),
(302, 3, 0, 0, 'Galician', '', 'pkg_gl-ES', 'package', '', 0, '2.5.7.4', '', 'http://update.joomla.org/language/details/gl-ES_details.xml', ''),
(303, 3, 0, 0, 'Polish', '', 'pkg_pl-PL', 'package', '', 0, '2.5.8.1', '', 'http://update.joomla.org/language/details/pl-PL_details.xml', ''),
(304, 3, 0, 0, 'Polish', '', 'pkg_pl-PL', 'package', '', 0, '2.5.8.1', '', 'http://update.joomla.org/language/details/pl-PL_details.xml', ''),
(305, 3, 0, 0, 'Syriac', '', 'pkg_sy-IQ', 'package', '', 0, '2.5.8.1', '', 'http://update.joomla.org/language/details/sy-IQ_details.xml', ''),
(306, 3, 0, 0, 'Syriac', '', 'pkg_sy-IQ', 'package', '', 0, '2.5.8.1', '', 'http://update.joomla.org/language/details/sy-IQ_details.xml', ''),
(307, 3, 0, 0, 'Russian', '', 'pkg_ru-RU', 'package', '', 0, '2.5.8.4', '', 'http://update.joomla.org/language/details/ru-RU_details.xml', ''),
(308, 3, 0, 0, 'Russian', '', 'pkg_ru-RU', 'package', '', 0, '2.5.8.4', '', 'http://update.joomla.org/language/details/ru-RU_details.xml', ''),
(309, 3, 0, 0, 'Finnish', '', 'pkg_fi-FI', 'package', '', 0, '2.5.8.2', '', 'http://update.joomla.org/language/details/fi-FI_details.xml', ''),
(310, 3, 0, 0, 'Vietnamese', '', 'pkg_vi-VN', 'package', '', 0, '2.5.8.1', '', 'http://update.joomla.org/language/details/vi-VN_details.xml', ''),
(311, 3, 0, 0, 'Finnish', '', 'pkg_fi-FI', 'package', '', 0, '2.5.8.2', '', 'http://update.joomla.org/language/details/fi-FI_details.xml', ''),
(312, 3, 0, 0, 'Kurdish Sorani', '', 'pkg_ckb-IQ', 'package', '', 0, '2.5.8.1', '', 'http://update.joomla.org/language/details/ckb-IQ_details.xml', ''),
(313, 3, 0, 0, 'Vietnamese', '', 'pkg_vi-VN', 'package', '', 0, '2.5.8.1', '', 'http://update.joomla.org/language/details/vi-VN_details.xml', ''),
(314, 3, 0, 0, 'Bosnian', '', 'pkg_bs-BA', 'package', '', 0, '2.5.8.1', '', 'http://update.joomla.org/language/details/bs-BA_details.xml', ''),
(315, 3, 0, 0, 'Kurdish Sorani', '', 'pkg_ckb-IQ', 'package', '', 0, '2.5.8.1', '', 'http://update.joomla.org/language/details/ckb-IQ_details.xml', ''),
(316, 3, 0, 0, 'Croatian', '', 'pkg_hr-HR', 'package', '', 0, '2.5.8.1', '', 'http://update.joomla.org/language/details/hr-HR_details.xml', ''),
(317, 3, 0, 0, 'Bosnian', '', 'pkg_bs-BA', 'package', '', 0, '2.5.8.1', '', 'http://update.joomla.org/language/details/bs-BA_details.xml', ''),
(318, 3, 0, 0, 'Croatian', '', 'pkg_hr-HR', 'package', '', 0, '2.5.8.1', '', 'http://update.joomla.org/language/details/hr-HR_details.xml', ''),
(319, 3, 0, 0, 'Thai', '', 'pkg_th-TH', 'package', '', 0, '2.5.8.1', '', 'http://update.joomla.org/language/details/th-TH_details.xml', ''),
(320, 3, 0, 0, 'Thai', '', 'pkg_th-TH', 'package', '', 0, '2.5.8.1', '', 'http://update.joomla.org/language/details/th-TH_details.xml', ''),
(321, 3, 0, 0, 'Uyghur', '', 'pkg_ug-CN', 'package', '', 0, '2.5.7.2', '', 'http://update.joomla.org/language/details/ug-CN_details.xml', ''),
(322, 3, 0, 0, 'Uyghur', '', 'pkg_ug-CN', 'package', '', 0, '2.5.7.2', '', 'http://update.joomla.org/language/details/ug-CN_details.xml', ''),
(323, 3, 0, 0, 'Swahili', '', 'pkg_sw-KE', 'package', '', 0, '2.5.8.3', '', 'http://update.joomla.org/language/details/sw-KE_details.xml', ''),
(324, 3, 0, 0, 'Swahili', '', 'pkg_sw-KE', 'package', '', 0, '2.5.8.3', '', 'http://update.joomla.org/language/details/sw-KE_details.xml', ''),
(325, 5, 0, 0, 'Domain Manager', '', 'pkg_cdomainmanager', 'package', '', 0, '0.6.1', '', 'http://www.conflate.nl/extensions/updates/packages/pkg_cdomainmanager.xml', ''),
(326, 5, 0, 0, 'Domain Manager', '', 'pkg_cdomainmanager', 'package', '', 0, '0.6.1', '', 'http://www.conflate.nl/extensions/updates/packages/pkg_cdomainmanager.xml', ''),
(327, 5, 0, 0, 'SOAP Integration', '', 'pkg_csoap', 'package', '', 0, '0.4.0', '', 'http://www.conflate.nl/extensions/updates/packages/pkg_csoap.xml', ''),
(328, 5, 0, 0, 'SOAP Integration', '', 'pkg_csoap', 'package', '', 0, '0.4.0', '', 'http://www.conflate.nl/extensions/updates/packages/pkg_csoap.xml', ''),
(329, 5, 0, 0, 'Twitter Bootstrap Integration', '', 'pkg_cbootstrap', 'package', '', 0, '1.3.1', '', 'http://www.conflate.nl/extensions/updates/packages/pkg_cbootstrap.xml', ''),
(330, 5, 0, 0, 'Simple Mobile Detection', '', 'cmobile', 'plugin', 'system', 0, '1.1', '', 'http://www.conflate.nl/extensions/updates/plugins/plg_system_cmobile.xml', ''),
(331, 5, 0, 0, 'SOAP Integration', '', 'ext_joomsef4_csoap', 'sef_ext', '', 0, '0.5', '', 'http://www.conflate.nl/extensions/updates/sef_ext/ext_joomsef4_csoap.xml', ''),
(332, 3, 0, 0, 'Danish', '', 'pkg_da-DK', 'package', '', 0, '2.5.8.1', '', 'http://update.joomla.org/language/details/da-DK_details.xml', ''),
(333, 3, 0, 0, 'Swedish', '', 'pkg_sv-SE', 'package', '', 0, '2.5.8.1', '', 'http://update.joomla.org/language/details/sv-SE_details.xml', ''),
(334, 3, 0, 0, 'Hungarian', '', 'pkg_hu-HU', 'package', '', 0, '2.5.8.1', '', 'http://update.joomla.org/language/details/hu-HU_details.xml', ''),
(335, 3, 0, 0, 'French', '', 'pkg_fr-FR', 'package', '', 0, '2.5.8.1', '', 'http://update.joomla.org/language/details/fr-FR_details.xml', ''),
(336, 3, 0, 0, 'Spanish', '', 'pkg_es-ES', 'package', '', 0, '2.5.8.1', '', 'http://update.joomla.org/language/details/es-ES_details.xml', ''),
(337, 3, 0, 0, 'Dutch', '', 'pkg_nl-NL', 'package', '', 0, '2.5.8.1', '', 'http://update.joomla.org/language/details/nl-NL_details.xml', ''),
(338, 3, 0, 0, 'Turkish', '', 'pkg_tr-TR', 'package', '', 0, '2.5.7.2', '', 'http://update.joomla.org/language/details/tr-TR_details.xml', ''),
(339, 3, 0, 0, 'Belarusian', '', 'pkg_be-BY', 'package', '', 0, '2.5.8.1', '', 'http://update.joomla.org/language/details/be-BY_details.xml', ''),
(340, 3, 0, 0, 'Latvian', '', 'pkg_lv-LV', 'package', '', 0, '2.5.8.1', '', 'http://update.joomla.org/language/details/lv-LV_details.xml', ''),
(341, 3, 0, 0, 'Japanese', '', 'pkg_ja-JP', 'package', '', 0, '2.5.8.1', '', 'http://update.joomla.org/language/details/ja-JP_details.xml', ''),
(342, 3, 0, 0, 'Arabic Unitag', '', 'pkg_ar-AA', 'package', '', 0, '2.5.8.1', '', 'http://update.joomla.org/language/details/ar-AA_details.xml', ''),
(343, 3, 0, 0, 'German', '', 'pkg_de-DE', 'package', '', 0, '2.5.8.2', '', 'http://update.joomla.org/language/details/de-DE_details.xml', ''),
(344, 3, 0, 0, 'English AU', '', 'pkg_en-AU', 'package', '', 0, '2.5.8.1', '', 'http://update.joomla.org/language/details/en-AU_details.xml', ''),
(345, 3, 0, 0, 'English US', '', 'pkg_en-US', 'package', '', 0, '2.5.8.1', '', 'http://update.joomla.org/language/details/en-US_details.xml', ''),
(346, 3, 0, 0, 'Galician', '', 'pkg_gl-ES', 'package', '', 0, '2.5.7.4', '', 'http://update.joomla.org/language/details/gl-ES_details.xml', ''),
(347, 3, 0, 0, 'Polish', '', 'pkg_pl-PL', 'package', '', 0, '2.5.8.1', '', 'http://update.joomla.org/language/details/pl-PL_details.xml', ''),
(348, 3, 0, 0, 'Syriac', '', 'pkg_sy-IQ', 'package', '', 0, '2.5.8.1', '', 'http://update.joomla.org/language/details/sy-IQ_details.xml', '');
INSERT INTO `l3kop_updates` (`update_id`, `update_site_id`, `extension_id`, `categoryid`, `name`, `description`, `element`, `type`, `folder`, `client_id`, `version`, `data`, `detailsurl`, `infourl`) VALUES
(349, 3, 0, 0, 'Russian', '', 'pkg_ru-RU', 'package', '', 0, '2.5.8.4', '', 'http://update.joomla.org/language/details/ru-RU_details.xml', ''),
(350, 3, 0, 0, 'Finnish', '', 'pkg_fi-FI', 'package', '', 0, '2.5.8.2', '', 'http://update.joomla.org/language/details/fi-FI_details.xml', ''),
(351, 3, 0, 0, 'Vietnamese', '', 'pkg_vi-VN', 'package', '', 0, '2.5.8.1', '', 'http://update.joomla.org/language/details/vi-VN_details.xml', ''),
(352, 3, 0, 0, 'Kurdish Sorani', '', 'pkg_ckb-IQ', 'package', '', 0, '2.5.8.1', '', 'http://update.joomla.org/language/details/ckb-IQ_details.xml', ''),
(353, 3, 0, 0, 'Bosnian', '', 'pkg_bs-BA', 'package', '', 0, '2.5.8.1', '', 'http://update.joomla.org/language/details/bs-BA_details.xml', ''),
(354, 3, 0, 0, 'Croatian', '', 'pkg_hr-HR', 'package', '', 0, '2.5.8.1', '', 'http://update.joomla.org/language/details/hr-HR_details.xml', ''),
(355, 3, 0, 0, 'Thai', '', 'pkg_th-TH', 'package', '', 0, '2.5.8.1', '', 'http://update.joomla.org/language/details/th-TH_details.xml', ''),
(356, 3, 0, 0, 'Uyghur', '', 'pkg_ug-CN', 'package', '', 0, '2.5.7.2', '', 'http://update.joomla.org/language/details/ug-CN_details.xml', ''),
(357, 3, 0, 0, 'Swahili', '', 'pkg_sw-KE', 'package', '', 0, '2.5.8.3', '', 'http://update.joomla.org/language/details/sw-KE_details.xml', '');

-- --------------------------------------------------------

--
-- Tabellstruktur `l3kop_update_categories`
--

CREATE TABLE IF NOT EXISTS `l3kop_update_categories` (
  `categoryid` int(11) NOT NULL AUTO_INCREMENT,
  `name` varchar(20) DEFAULT '',
  `description` text NOT NULL,
  `parent` int(11) DEFAULT '0',
  `updatesite` int(11) DEFAULT '0',
  PRIMARY KEY (`categoryid`)
) ENGINE=InnoDB DEFAULT CHARSET=utf8 COMMENT='Update Categories' AUTO_INCREMENT=1 ;

-- --------------------------------------------------------

--
-- Tabellstruktur `l3kop_update_sites`
--

CREATE TABLE IF NOT EXISTS `l3kop_update_sites` (
  `update_site_id` int(11) NOT NULL AUTO_INCREMENT,
  `name` varchar(100) DEFAULT '',
  `type` varchar(20) DEFAULT '',
  `location` text NOT NULL,
  `enabled` int(11) DEFAULT '0',
  `last_check_timestamp` bigint(20) DEFAULT '0',
  PRIMARY KEY (`update_site_id`)
) ENGINE=InnoDB  DEFAULT CHARSET=utf8 COMMENT='Update Sites' AUTO_INCREMENT=6 ;

--
-- Dumpning av Data i tabell `l3kop_update_sites`
--

INSERT INTO `l3kop_update_sites` (`update_site_id`, `name`, `type`, `location`, `enabled`, `last_check_timestamp`) VALUES
(1, 'Joomla Core', 'collection', 'http://update.joomla.org/core/list.xml', 1, 1353879833),
(2, 'Joomla Extension Directory', 'collection', 'http://update.joomla.org/jed/list.xml', 1, 1353879833),
(3, 'Accredited Joomla! Translations', 'collection', 'http://update.joomla.org/language/translationlist.xml', 1, 1353879833),
(4, 'JCE Editor Updates', 'extension', 'https://www.joomlacontenteditor.net/index.php?option=com_updates&view=update&format=xml&id=1\n        ', 0, 1353736097),
(5, 'Conflate Extension Updates', 'collection', 'http://www.conflate.nl/extensions/updates/conflate.xml', 1, 1353879833);

-- --------------------------------------------------------

--
-- Tabellstruktur `l3kop_update_sites_extensions`
--

CREATE TABLE IF NOT EXISTS `l3kop_update_sites_extensions` (
  `update_site_id` int(11) NOT NULL DEFAULT '0',
  `extension_id` int(11) NOT NULL DEFAULT '0',
  PRIMARY KEY (`update_site_id`,`extension_id`)
) ENGINE=InnoDB DEFAULT CHARSET=utf8 COMMENT='Links extensions to update sites';

--
-- Dumpning av Data i tabell `l3kop_update_sites_extensions`
--

INSERT INTO `l3kop_update_sites_extensions` (`update_site_id`, `extension_id`) VALUES
(1, 700),
(2, 700),
(3, 600),
(4, 10006),
(5, 10007);

-- --------------------------------------------------------

--
-- Tabellstruktur `l3kop_usergroups`
--

CREATE TABLE IF NOT EXISTS `l3kop_usergroups` (
  `id` int(10) unsigned NOT NULL AUTO_INCREMENT COMMENT 'Primary Key',
  `parent_id` int(10) unsigned NOT NULL DEFAULT '0' COMMENT 'Adjacency List Reference Id',
  `lft` int(11) NOT NULL DEFAULT '0' COMMENT 'Nested set lft.',
  `rgt` int(11) NOT NULL DEFAULT '0' COMMENT 'Nested set rgt.',
  `title` varchar(100) NOT NULL DEFAULT '',
  PRIMARY KEY (`id`),
  UNIQUE KEY `idx_usergroup_parent_title_lookup` (`parent_id`,`title`),
  KEY `idx_usergroup_title_lookup` (`title`),
  KEY `idx_usergroup_adjacency_lookup` (`parent_id`),
  KEY `idx_usergroup_nested_set_lookup` (`lft`,`rgt`) USING BTREE
) ENGINE=InnoDB  DEFAULT CHARSET=utf8 AUTO_INCREMENT=9 ;

--
-- Dumpning av Data i tabell `l3kop_usergroups`
--

INSERT INTO `l3kop_usergroups` (`id`, `parent_id`, `lft`, `rgt`, `title`) VALUES
(1, 0, 1, 20, 'Public'),
(2, 1, 6, 17, 'Registered'),
(3, 2, 7, 14, 'Author'),
(4, 3, 8, 11, 'Editor'),
(5, 4, 9, 10, 'Publisher'),
(6, 1, 2, 5, 'Manager'),
(7, 6, 3, 4, 'Administrator'),
(8, 1, 18, 19, 'Super Users');

-- --------------------------------------------------------

--
-- Tabellstruktur `l3kop_users`
--

CREATE TABLE IF NOT EXISTS `l3kop_users` (
  `id` int(11) NOT NULL AUTO_INCREMENT,
  `name` varchar(255) NOT NULL DEFAULT '',
  `username` varchar(150) NOT NULL DEFAULT '',
  `email` varchar(100) NOT NULL DEFAULT '',
  `password` varchar(100) NOT NULL DEFAULT '',
  `usertype` varchar(25) NOT NULL DEFAULT '',
  `block` tinyint(4) NOT NULL DEFAULT '0',
  `sendEmail` tinyint(4) DEFAULT '0',
  `registerDate` datetime NOT NULL DEFAULT '0000-00-00 00:00:00',
  `lastvisitDate` datetime NOT NULL DEFAULT '0000-00-00 00:00:00',
  `activation` varchar(100) NOT NULL DEFAULT '',
  `params` text NOT NULL,
  `lastResetTime` datetime NOT NULL DEFAULT '0000-00-00 00:00:00' COMMENT 'Date of last password reset',
  `resetCount` int(11) NOT NULL DEFAULT '0' COMMENT 'Count of password resets since lastResetTime',
  PRIMARY KEY (`id`),
  KEY `usertype` (`usertype`),
  KEY `idx_name` (`name`),
  KEY `idx_block` (`block`),
  KEY `username` (`username`),
  KEY `email` (`email`)
) ENGINE=InnoDB  DEFAULT CHARSET=utf8 AUTO_INCREMENT=679 ;

--
-- Dumpning av Data i tabell `l3kop_users`
--

INSERT INTO `l3kop_users` (`id`, `name`, `username`, `email`, `password`, `usertype`, `block`, `sendEmail`, `registerDate`, `lastvisitDate`, `activation`, `params`, `lastResetTime`, `resetCount`) VALUES
(678, 'Super User', 'admin', 'mario.onekanda@gmail.com', 'a026e309d4d7175f262a9a0d81ed6688:nWblHEAvMPbjrkrI5N0QmS83lKYrBvR8', 'deprecated', 0, 1, '2012-11-08 18:49:13', '2012-11-26 03:37:52', '0', '', '0000-00-00 00:00:00', 0);

-- --------------------------------------------------------

--
-- Tabellstruktur `l3kop_user_notes`
--

CREATE TABLE IF NOT EXISTS `l3kop_user_notes` (
  `id` int(10) unsigned NOT NULL AUTO_INCREMENT,
  `user_id` int(10) unsigned NOT NULL DEFAULT '0',
  `catid` int(10) unsigned NOT NULL DEFAULT '0',
  `subject` varchar(100) NOT NULL DEFAULT '',
  `body` text NOT NULL,
  `state` tinyint(3) NOT NULL DEFAULT '0',
  `checked_out` int(10) unsigned NOT NULL DEFAULT '0',
  `checked_out_time` datetime NOT NULL DEFAULT '0000-00-00 00:00:00',
  `created_user_id` int(10) unsigned NOT NULL DEFAULT '0',
  `created_time` datetime NOT NULL DEFAULT '0000-00-00 00:00:00',
  `modified_user_id` int(10) unsigned NOT NULL,
  `modified_time` datetime NOT NULL DEFAULT '0000-00-00 00:00:00',
  `review_time` datetime NOT NULL DEFAULT '0000-00-00 00:00:00',
  `publish_up` datetime NOT NULL DEFAULT '0000-00-00 00:00:00',
  `publish_down` datetime NOT NULL DEFAULT '0000-00-00 00:00:00',
  PRIMARY KEY (`id`),
  KEY `idx_user_id` (`user_id`),
  KEY `idx_category_id` (`catid`)
) ENGINE=InnoDB DEFAULT CHARSET=utf8 AUTO_INCREMENT=1 ;

-- --------------------------------------------------------

--
-- Tabellstruktur `l3kop_user_profiles`
--

CREATE TABLE IF NOT EXISTS `l3kop_user_profiles` (
  `user_id` int(11) NOT NULL,
  `profile_key` varchar(100) NOT NULL,
  `profile_value` varchar(255) NOT NULL,
  `ordering` int(11) NOT NULL DEFAULT '0',
  UNIQUE KEY `idx_user_id_profile_key` (`user_id`,`profile_key`)
) ENGINE=InnoDB DEFAULT CHARSET=utf8 COMMENT='Simple user profile storage table';

-- --------------------------------------------------------

--
-- Tabellstruktur `l3kop_user_usergroup_map`
--

CREATE TABLE IF NOT EXISTS `l3kop_user_usergroup_map` (
  `user_id` int(10) unsigned NOT NULL DEFAULT '0' COMMENT 'Foreign Key to #__users.id',
  `group_id` int(10) unsigned NOT NULL DEFAULT '0' COMMENT 'Foreign Key to #__usergroups.id',
  PRIMARY KEY (`user_id`,`group_id`)
) ENGINE=InnoDB DEFAULT CHARSET=utf8;

--
-- Dumpning av Data i tabell `l3kop_user_usergroup_map`
--

INSERT INTO `l3kop_user_usergroup_map` (`user_id`, `group_id`) VALUES
(678, 8);

-- --------------------------------------------------------

--
-- Tabellstruktur `l3kop_viewlevels`
--

CREATE TABLE IF NOT EXISTS `l3kop_viewlevels` (
  `id` int(10) unsigned NOT NULL AUTO_INCREMENT COMMENT 'Primary Key',
  `title` varchar(100) NOT NULL DEFAULT '',
  `ordering` int(11) NOT NULL DEFAULT '0',
  `rules` varchar(5120) NOT NULL COMMENT 'JSON encoded access control.',
  PRIMARY KEY (`id`),
  UNIQUE KEY `idx_assetgroup_title_lookup` (`title`)
) ENGINE=InnoDB  DEFAULT CHARSET=utf8 AUTO_INCREMENT=4 ;

--
-- Dumpning av Data i tabell `l3kop_viewlevels`
--

INSERT INTO `l3kop_viewlevels` (`id`, `title`, `ordering`, `rules`) VALUES
(1, 'Public', 0, '[1]'),
(2, 'Registered', 1, '[6,2,8]'),
(3, 'Special', 2, '[6,3,8]');

-- --------------------------------------------------------

--
-- Tabellstruktur `l3kop_weblinks`
--

CREATE TABLE IF NOT EXISTS `l3kop_weblinks` (
  `id` int(10) unsigned NOT NULL AUTO_INCREMENT,
  `catid` int(11) NOT NULL DEFAULT '0',
  `sid` int(11) NOT NULL DEFAULT '0',
  `title` varchar(250) NOT NULL DEFAULT '',
  `alias` varchar(255) CHARACTER SET utf8 COLLATE utf8_bin NOT NULL DEFAULT '',
  `url` varchar(250) NOT NULL DEFAULT '',
  `description` text NOT NULL,
  `date` datetime NOT NULL DEFAULT '0000-00-00 00:00:00',
  `hits` int(11) NOT NULL DEFAULT '0',
  `state` tinyint(1) NOT NULL DEFAULT '0',
  `checked_out` int(11) NOT NULL DEFAULT '0',
  `checked_out_time` datetime NOT NULL DEFAULT '0000-00-00 00:00:00',
  `ordering` int(11) NOT NULL DEFAULT '0',
  `archived` tinyint(1) NOT NULL DEFAULT '0',
  `approved` tinyint(1) NOT NULL DEFAULT '1',
  `access` int(11) NOT NULL DEFAULT '1',
  `params` text NOT NULL,
  `language` char(7) NOT NULL DEFAULT '',
  `created` datetime NOT NULL DEFAULT '0000-00-00 00:00:00',
  `created_by` int(10) unsigned NOT NULL DEFAULT '0',
  `created_by_alias` varchar(255) NOT NULL DEFAULT '',
  `modified` datetime NOT NULL DEFAULT '0000-00-00 00:00:00',
  `modified_by` int(10) unsigned NOT NULL DEFAULT '0',
  `metakey` text NOT NULL,
  `metadesc` text NOT NULL,
  `metadata` text NOT NULL,
  `featured` tinyint(3) unsigned NOT NULL DEFAULT '0' COMMENT 'Set if link is featured.',
  `xreference` varchar(50) NOT NULL COMMENT 'A reference to enable linkages to external data sets.',
  `publish_up` datetime NOT NULL DEFAULT '0000-00-00 00:00:00',
  `publish_down` datetime NOT NULL DEFAULT '0000-00-00 00:00:00',
  PRIMARY KEY (`id`),
  KEY `idx_access` (`access`),
  KEY `idx_checkout` (`checked_out`),
  KEY `idx_state` (`state`),
  KEY `idx_catid` (`catid`),
  KEY `idx_createdby` (`created_by`),
  KEY `idx_featured_catid` (`featured`,`catid`),
  KEY `idx_language` (`language`),
  KEY `idx_xreference` (`xreference`)
) ENGINE=InnoDB DEFAULT CHARSET=utf8 AUTO_INCREMENT=1 ;

-- --------------------------------------------------------

--
-- Tabellstruktur `l3kop_wf_profiles`
--

CREATE TABLE IF NOT EXISTS `l3kop_wf_profiles` (
  `id` int(11) NOT NULL AUTO_INCREMENT,
  `name` varchar(255) NOT NULL,
  `description` text NOT NULL,
  `users` text NOT NULL,
  `types` text NOT NULL,
  `components` text NOT NULL,
  `area` tinyint(3) NOT NULL,
  `device` varchar(255) NOT NULL,
  `rows` text NOT NULL,
  `plugins` text NOT NULL,
  `published` tinyint(3) NOT NULL,
  `ordering` int(11) NOT NULL,
  `checked_out` tinyint(3) NOT NULL,
  `checked_out_time` datetime NOT NULL,
  `params` text NOT NULL,
  PRIMARY KEY (`id`)
) ENGINE=InnoDB  DEFAULT CHARSET=utf8 AUTO_INCREMENT=4 ;

--
-- Dumpning av Data i tabell `l3kop_wf_profiles`
--

INSERT INTO `l3kop_wf_profiles` (`id`, `name`, `description`, `users`, `types`, `components`, `area`, `device`, `rows`, `plugins`, `published`, `ordering`, `checked_out`, `checked_out_time`, `params`) VALUES
(1, 'Default', 'Default Profile for all users', '', '3,4,5,6,8,7', '', 0, '', 'help,newdocument,undo,redo,spacer,bold,italic,underline,strikethrough,justifyfull,justifycenter,justifyleft,justifyright,spacer,blockquote,formatselect,styleselect,removeformat,cleanup;fontselect,fontsizeselect,forecolor,backcolor,spacer,clipboard,indent,outdent,lists,sub,sup,textcase,charmap,hr;directionality,fullscreen,preview,source,print,searchreplace,spacer,table;visualaid,visualchars,visualblocks,nonbreaking,style,xhtmlxtras,anchor,unlink,link,imgmanager,spellchecker,article', 'contextmenu,browser,inlinepopups,media,help,clipboard,searchreplace,directionality,fullscreen,preview,source,table,textcase,print,style,nonbreaking,visualchars,visualblocks,xhtmlxtras,imgmanager,anchor,link,spellchecker,article,lists', 1, 1, 0, '0000-00-00 00:00:00', ''),
(2, 'Front End', 'Sample Front-end Profile', '', '3,4,5', '', 1, '', 'help,newdocument,undo,redo,spacer,bold,italic,underline,strikethrough,justifyfull,justifycenter,justifyleft,justifyright,spacer,formatselect,styleselect;clipboard,searchreplace,indent,outdent,lists,cleanup,charmap,removeformat,hr,sub,sup,textcase,nonbreaking,visualchars,visualblocks;fullscreen,preview,print,visualaid,style,xhtmlxtras,anchor,unlink,link,imgmanager,spellchecker,article', 'contextmenu,inlinepopups,help,clipboard,searchreplace,fullscreen,preview,print,style,textcase,nonbreaking,visualchars,visualblocks,xhtmlxtras,imgmanager,anchor,link,spellchecker,article,lists', 0, 2, 0, '0000-00-00 00:00:00', ''),
(3, 'Blogger', 'Simple Blogging Profile', '', '3,4,5,6,8,7', '', 0, '', 'bold,italic,strikethrough,lists,blockquote,spacer,justifyleft,justifycenter,justifyright,spacer,link,unlink,imgmanager,article,spellchecker,fullscreen,kitchensink;formatselect,underline,justifyfull,forecolor,clipboard,removeformat,charmap,indent,outdent,undo,redo,help', 'link,imgmanager,article,spellchecker,fullscreen,kitchensink,clipboard,contextmenu,inlinepopups,lists', 0, 3, 0, '0000-00-00 00:00:00', '{"editor":{"toggle":"0"}}');

/*!40101 SET CHARACTER_SET_CLIENT=@OLD_CHARACTER_SET_CLIENT */;
/*!40101 SET CHARACTER_SET_RESULTS=@OLD_CHARACTER_SET_RESULTS */;
/*!40101 SET COLLATION_CONNECTION=@OLD_COLLATION_CONNECTION */;
